driverId,name,ssn,location,certified,wage-plan
10,Emily Russell,255-88-1636,"USS Beltran
FPO AE 59776",Y,miles
11,James Cameron,853-70-9502,"448 Kristin Inlet Apt. 937
Dorseyberg, FL 21798",Y,hours
12,Anthony Walker,084-45-0557,"0194 Carter Forest
West Leeborough, CA 39246",N,miles
13,Victoria Bean,292-20-4268,"PSC 1819, Box 8211
APO AP 72618",N,hours
14,Justin Clark,822-16-3070,"98032 Benitez Mall
North Kimberly, DC 43735",Y,hours
15,Jessica Harvey,467-23-9314,"084 White Orchard Suite 879
Houseshire, CT 43056",Y,miles
16,Michael Edwards,228-57-4184,"27105 Jacob Well Apt. 959
Martintown, NH 47521",Y,hours
17,Nicholas Benjamin,138-44-2428,"640 Brent Street Apt. 569
North Brendabury, AZ 03229",Y,hours
18,Michael Johnson,365-73-7796,"4108 Lee Island
Hardyberg, MH 28909",N,hours
19,Rebecca Jarvis,440-07-1308,"16822 Rice Street Suite 505
Port Brendan, MH 68983",N,miles
20,Kathy Jackson,620-15-7937,"7691 Haley Prairie Apt. 638
Morganchester, MT 43806",N,miles
21,Amy Moyer,114-59-2092,"54293 Rachel Highway
Stevenburgh, KS 22869",Y,hours
22,Theresa Barrett,436-22-7895,"04863 Michael Springs
Chungfurt, MP 04739",N,hours
23,Amber Vega,293-49-5260,"66022 Sanchez Lakes
Nicholsmouth, AS 70885",Y,miles
24,Kimberly Dixon,623-17-3320,"222 Loretta Knoll
Adamsshire, AS 33740",Y,miles
25,Willie Williams,516-94-6028,"540 Marsh Extension Apt. 049
Thomashaven, OH 92130",Y,hours
26,Christopher Mcdonald,592-03-9276,"20089 Mendoza Circles
North Kristaberg, PW 20714",Y,hours
27,Angela Farrell,134-88-5333,"089 Jessica Alley Apt. 152
Lake Christopher, AR 09282",Y,miles
28,Krystal Harding,766-20-5202,"1157 David Field Suite 468
West Mary, FM 38509",Y,hours
29,Ricky Myers,877-62-9435,"262 John Junctions
Bartlettfort, SC 25615",Y,miles
30,Kathryn Thomas,470-12-1303,"9077 Peterson Walk Suite 960
Garystad, AL 50835",Y,hours
31,Justin Lynch,241-52-2381,"61123 Garza Manors Suite 117
Mendezborough, SC 17795",N,hours
32,Vincent Harvey,567-36-3375,"3791 Dunn Tunnel
Lake Christina, SD 34661",N,hours
33,Derrick Crawford,028-97-5807,"753 Richards Well
Lake Paul, MD 29355",Y,miles
34,Philip Kelley,423-55-8669,"9391 Jacqueline Junction Apt. 728
Wilsontown, NM 17388",N,miles
35,Kelly Stokes,177-13-4646,"300 Schroeder Creek Suite 437
Paulmouth, DC 02231",N,miles
36,Joshua Young,571-62-8187,"PSC 2016, Box 8474
APO AP 03465",Y,miles
37,Daniel Lane,399-06-6875,"0991 French Drive
West Nicoleview, AL 32196",N,hours
38,Lisa Smith,717-33-3731,"7812 Price Light
North Alexa, PW 85940",Y,hours
39,Brandy Perry,621-60-7495,"93746 Soto Trafficway
Robertsonshire, GA 44523",Y,miles
40,Kelli Garcia,464-07-9581,"174 Bennett Inlet
Pamelabury, LA 91511",Y,hours
41,Michael Goodman,697-67-5012,"2374 Hardy Hill
Valeriechester, PA 87136",N,miles
42,Ruth Jones,494-12-3905,"1206 Tara Run
Schultzstad, PR 51769",N,miles
43,Kenneth Villanueva,315-64-9696,"2876 Amanda Points Suite 196
Carterton, KY 36599",N,miles
44,Kristina Vega,602-85-4799,"074 Natalie Fields
Chapmanfort, OH 64677",Y,miles
45,Ann White,583-17-9555,"175 Jeremy Ridges Apt. 307
Higginshaven, WA 63461",N,hours
46,Nicole Williams,063-28-4428,"7845 Martinez Mission
North Jeffrey, AS 02711",N,miles
47,Michelle Johns,425-67-6027,"76247 Kathleen Rapids
Samanthabury, MI 19558",N,hours
48,Lawrence Peterson,815-97-5929,"USS Romero
FPO AE 34918",N,hours
49,Courtney Silva,887-30-9691,"4054 Becky Point
Mccartyborough, AS 76723",Y,hours
50,Donna Jensen,586-89-7455,"21680 James Villages
North Jasminechester, MS 04573",Y,hours
51,Travis Fernandez,344-48-9530,"70380 Amanda Trail Apt. 720
New Danielleburgh, FL 53745",N,miles
52,Sarah Decker,825-85-1068,"98720 Emily Manors Suite 571
Rivasburgh, IA 02453",N,miles
53,Rebecca Santos,202-13-4433,"767 Jack Underpass
Cindyland, ID 07790",Y,hours
54,Jonathan Baird,221-45-3244,"967 Mullins Squares Apt. 193
East Sarahburgh, CO 34691",Y,hours
55,Melissa Hudson,130-38-5864,"USS Wilson
FPO AA 50724",N,hours
56,Samantha James,299-49-7855,"29687 English Walk Suite 810
Santoschester, KS 45803",Y,miles
57,David Dean,608-44-9041,"8342 Mary Junctions Apt. 460
Turnerstad, ND 81967",Y,miles
58,Karen Huang,482-44-3703,"4480 Sierra Motorway
Donovanberg, FM 17137",Y,hours
59,Christopher Ellis,013-91-3566,"090 Rodriguez Stravenue
Nathanmouth, MO 20422",N,miles
60,Tony Johnston,229-67-4150,"1682 Brown Summit
South Davidburgh, WY 16142",N,hours
61,Antonio Garrett,141-15-8228,"0783 Gloria Isle
West Betty, FL 51400",N,hours
62,Deanna Cook,710-81-2245,"636 Hicks Route Apt. 367
Woodchester, IL 32298",N,hours
63,Charles Sanders,043-41-4722,"908 Christopher Flat
West Jennifer, ME 08480",Y,hours
64,Joshua King,625-70-4025,"0903 Zachary Loaf Suite 409
West Christopher, PR 08612",N,hours
65,Nathan Austin,570-66-0621,"USS Nielsen
FPO AE 48276",Y,miles
66,Lisa Wilson,535-78-5717,"8712 Taylor Place
Jessicastad, ND 94074",Y,hours
67,Suzanne Larson,784-13-7086,"054 Patricia Vista
Lake Amyburgh, VI 82379",Y,hours
68,Nathan Murray,862-38-3589,"74368 Elizabeth Prairie
Garymouth, SC 55517",Y,miles
69,Richard Hunt,162-14-0656,"952 Nicole Square Apt. 903
Shepherdchester, TN 42044",N,miles
70,Dr. Colleen Smith DDS,627-93-4932,"58852 Nguyen Fall Apt. 328
Lake Christopher, CA 91340",Y,miles
71,Heather Foster,686-02-8633,"65131 Navarro Loaf Apt. 456
Karenside, VA 05293",N,miles
72,Tara Anthony,593-64-8341,"708 Holt Mills Apt. 426
Smithport, MP 85410",N,miles
73,Alexis Lopez,741-77-5690,"USNV Thomas
FPO AP 10818",Y,hours
74,Elizabeth Francis,581-32-7598,"63729 Paul Centers
Lovemouth, DE 63734",N,miles
75,Timothy Adams,824-17-3100,"98944 Forbes Crossroad
Frederickshire, OK 41555",Y,miles
76,Brian Campbell,698-43-1545,"4262 Miguel Divide
Rogersborough, AK 96111",Y,hours
77,Jay Little,804-73-6161,"893 Simmons Walks Apt. 637
North Christopher, AS 77447",Y,hours
78,Bryan Williams,295-81-3689,"752 Smith Ramp Apt. 364
Palmermouth, NJ 91573",N,hours
79,James Hayden,586-72-3566,"04159 Mitchell Trace
Hayleyside, MA 53412",Y,hours
80,Tyler Fields,725-35-7834,"301 Amy Glen
Esparzaton, MS 95332",N,hours
81,Justin Dean,241-47-5691,"248 Harris Courts Suite 297
Jakefort, MA 69502",N,hours
82,Russell Elliott,117-19-7604,"5876 Bryant Drive
North Joseph, PA 15234",N,hours
83,Christopher Dixon,064-73-8430,"77335 Cynthia Springs Suite 315
Elizabethburgh, MN 86521",N,miles
84,Allison Berry,251-72-2046,"7042 Jill Villages
Hallhaven, TN 96810",N,miles
85,Michael Lambert,754-27-1067,"189 Ronald Ville
Rebeccachester, NE 84402",Y,miles
86,Melissa Perez,258-94-3254,"1348 Mason Springs Apt. 002
Kaylabury, NM 81008",N,miles
87,Zachary Peterson,441-34-5196,"9175 Villanueva Inlet
East Douglas, PA 65245",Y,hours
88,Brittany Miller,203-90-6030,"48888 David Square
Markmouth, ID 08787",N,hours
89,Raymond Mcgrath,781-90-9712,"1049 Mcintyre Center
Port Dennis, PW 44439",N,miles
90,Samuel Garcia,137-79-2494,"73663 Preston Station Apt. 342
North Craigfort, TX 09289",Y,hours
91,Carolyn Becker,037-21-4372,"18304 Campbell Knoll
West Calvinstad, OR 73379",N,hours
92,Brandi Taylor,036-10-1554,"19161 Thomas Trace
North Nathan, CO 34680",N,miles
93,Robert Day,230-74-7124,"742 Daniel Trafficway
Port Nicole, ND 82581",N,miles
94,Jasmine Stone,469-88-6297,"2964 Chad Vista
Kellieland, NM 14324",Y,miles
95,Jenny Aguirre,176-62-1140,"51561 Nancy Lodge Apt. 587
Port Danielle, PR 79355",Y,miles
96,Jason Reed,492-15-8738,"0413 Watson Park
South Kimberg, OK 22307",N,miles
97,Lindsay Meyer,040-79-7645,"8243 Roger Corners Suite 898
North James, OR 33364",N,hours
98,Suzanne Burton,561-02-8327,"Unit 5100 Box 6576
DPO AA 57357",N,miles
99,Aaron Drake,458-28-6393,"8017 Bryan Glen
Lake Steven, OH 09530",Y,miles
100,Joel Escobar,305-33-9612,"63063 Holly Fall Apt. 753
West Bethanyhaven, IL 59133",Y,hours
101,Kristina Arellano,118-86-8540,"596 David Cliffs Suite 677
North James, VA 23427",Y,hours
102,Mrs. Maria Dominguez,287-33-5754,"PSC 8035, Box 7951
APO AE 79048",Y,miles
103,Anna Brooks,065-44-1515,"9163 Jeffrey Throughway
Jasonstad, MD 12872",Y,miles
104,Michael Shepherd,574-79-9786,"4456 Andrea Lock
Tylerland, ME 38508",N,miles
105,Patricia Hanson,699-74-0980,"2052 Andrew Fort
Michaelport, AK 16908",Y,hours
106,Justin Smith,184-25-1254,"Unit 1950 Box 8813
DPO AP 19160",Y,hours
107,Andrew Green,357-55-6046,"765 John Stream
Lambertshire, AZ 81557",N,miles
108,Mark Lewis,118-92-4745,"6249 Glenn Harbors Apt. 825
Brittanyview, WI 19099",Y,hours
109,Marcus Wells,762-05-5800,"979 Barbara Mountain
Milesberg, HI 14577",N,miles
110,Tyler Miller,015-37-2973,"98810 Kennedy Prairie
Brittanystad, WV 42609",N,hours
111,Vanessa Ramsey,339-89-9087,"79846 Todd Knoll Suite 263
Port Shawnview, NC 92389",Y,miles
112,Joanne Lewis,887-29-3007,"9212 James Fork Suite 499
East Barryberg, PW 62183",Y,miles
113,Jamie Johnson,703-50-9426,"67087 Larry Mills
New Karenmouth, IA 30571",N,hours
114,Jordan Bradley,417-11-2273,"776 Johnson Vista Apt. 121
Port Destiny, FM 07059",Y,miles
115,Alexis Lynch,805-01-9284,"722 Kimberly Place Suite 691
Romeroside, WV 18163",Y,hours
116,James Gonzalez,642-05-9493,"94715 Timothy Mountains
South Sierraview, DE 54089",Y,hours
117,Alexis Moore,129-59-0828,"279 Joseph Field
Paulberg, MO 43500",Y,hours
118,Sue Lee,552-77-3830,"54245 Hall Dale Apt. 991
Seanborough, MD 06945",Y,hours
119,Benjamin Williams,296-59-8909,"907 Bradshaw Mission Apt. 426
Lake Daniellefort, WV 20628",Y,hours
120,Mariah Jordan,802-06-0960,"1631 Gilbert Road
Lake Allen, NJ 77565",N,hours
121,Phillip Hodges,511-41-1803,"63783 Janice Tunnel Suite 757
Zunigaview, LA 58320",N,miles
122,Matthew Ford,045-81-8667,"USNS Skinner
FPO AP 86639",N,miles
123,John Smith,496-77-5587,"932 Lori Stravenue Apt. 137
Lake Jeffreyside, CA 86454",Y,hours
124,Mr. Charles Anderson,024-43-0142,"Unit 4318 Box 7980
DPO AP 29812",N,hours
125,Cynthia Garrison,445-22-7401,"97735 Ana Keys
Luisburgh, KS 20340",N,hours
126,Hector Mendez,867-83-1632,"820 Valerie Harbors
Kelleyshire, AS 73149",N,hours
127,Amber Collins,620-09-4515,"61917 Horn Stream
Cynthiamouth, ME 02715",N,miles
128,Jenna Ochoa,281-82-9340,"Unit 5909 Box 4873
DPO AP 52911",N,miles
129,Cristian Coleman,183-06-4822,"5732 Jennifer Mountain
Lake Brendachester, NJ 93443",Y,hours
130,Natalie Holt,802-62-4179,"9988 Gates Trail
South Jaredburgh, FL 97891",Y,miles
131,Danielle Wilkerson,127-56-4134,"21673 Douglas Heights
West Melanieburgh, TX 64386",N,miles
132,James Robles,270-84-6882,"52580 Guerra Grove
Port Anthony, VA 60690",Y,miles
133,Todd Anderson,114-77-2692,"09761 Young Fords
Kimberlychester, WV 99393",Y,hours
134,Michele Harrison,209-30-7238,"93584 Hayley Neck Suite 398
Lake Richard, MP 51306",Y,hours
135,Monica Dyer,313-06-7160,"5709 Caleb Brook Apt. 960
East Josephchester, GU 95415",N,miles
136,Jennifer Chavez,473-29-2368,"553 Tara Station
Ericview, WA 61671",Y,hours
137,Sarah Rocha,323-39-9371,"40370 Johnson Drives
Robertsside, AZ 33481",N,miles
138,Julie Cook,461-88-8810,"92173 Jocelyn Parks
Mariomouth, VA 92093",N,hours
139,Melissa Jones,162-25-9198,"578 Daniel Mission Suite 995
New Charles, VA 55721",N,miles
140,Eric Villa,298-69-6259,"5368 Gonzales Islands
Andrewfort, FL 56701",Y,miles
141,Frank Miller,361-15-8837,"97083 Hicks Divide Apt. 901
West Arthur, ND 10360",N,hours
142,James Clark,739-07-7278,"745 Amanda Overpass Apt. 607
Lake Kennethville, FM 82925",N,hours
143,Dennis Moore,448-44-9226,"679 Boyle Lake
Adamsmouth, OK 52193",N,hours
144,Luke Smith,220-96-7185,"Unit 7787 Box 4254
DPO AA 70554",Y,miles
145,Amanda Hunter,057-94-5022,"136 Fisher Islands
South Tara, GU 91122",Y,miles
146,Danny Miller,855-89-9955,"PSC 2194, Box 3060
APO AE 86551",N,hours
147,Kelly Reid,560-63-3571,"39562 Jose Wells
Port Heathermouth, NC 79158",Y,miles
148,Robert Wallace,198-63-8657,"328 Linda Island
West Daniel, SC 55438",N,miles
149,Benjamin Garcia,227-18-1410,"8545 Strickland Ridge Suite 601
West Debraview, WA 53328",N,hours
150,Gina Hunt,756-58-0364,"5098 Ronald Keys Suite 267
North Bobby, RI 96641",Y,hours
151,Blake Oneill,462-26-5694,"594 Michelle Causeway
Brittanyshire, ME 72360",Y,hours
152,Jason Mays,356-30-3429,"Unit 9622 Box 6610
DPO AA 79701",N,hours
153,Nicole Collier,660-72-5171,"6913 Norris Valleys
New Ashleyport, MD 20936",N,hours
154,Adam Watson,847-74-2905,"839 Kenneth Road
Dianashire, CA 01301",Y,miles
155,James Chandler,310-89-3026,"USNS Davis
FPO AA 37191",Y,miles
156,Edward Young,418-92-0839,"194 Thomas Pike
Kimberlyview, IA 48001",N,miles
157,Daniel Phillips,442-48-5940,"40169 Short Glens
North Kevin, WY 43017",Y,hours
158,Jasmine Perez,082-07-2465,"03450 Donna Cliff
Aaronborough, VT 11343",Y,hours
159,Sara Martinez,767-49-8755,"826 Jeffrey Curve
Jessicaburgh, MO 85582",Y,miles
160,Ronald Meza,670-68-2837,"56357 Phillips Road Apt. 152
East Ambershire, NC 45692",N,miles
161,Katherine Gardner,654-87-5733,"5742 Holland Rest Apt. 556
Lisaville, ME 93061",Y,miles
162,Brenda Turner,804-41-0850,"27431 William Crossing Suite 676
Lopezside, ME 08688",N,hours
163,Kevin Moses,069-50-2873,"3726 Gonzalez Point Suite 543
Brentton, DC 57691",Y,miles
164,Lindsay Stone,206-58-9494,"60676 Kent Highway Suite 561
West Brandon, AK 37289",N,miles
165,David Tanner,473-11-4033,"231 Xavier Crest
New Erika, SD 12583",Y,miles
166,William Mullen,170-81-2686,"70532 Tiffany Views Suite 195
New Aliciaport, PR 18708",N,hours
167,Marcia Smith,172-97-9177,"49965 Robles Stravenue
Dillonview, CT 83512",Y,miles
168,Daniel Marshall,250-56-1196,"785 Michael Burgs
South Taylormouth, AK 13754",Y,hours
169,Timothy Warner,418-30-7328,"48500 Salas Road Suite 556
Fordhaven, NJ 10460",Y,hours
170,Diana Olsen,417-36-0895,"9051 Lester Parkways
Christinaburgh, PA 53801",Y,miles
171,Logan Cunningham,524-64-2421,"0820 Derrick Prairie Suite 047
Lake Carlos, IN 89985",N,hours
172,Dr. Jessica Santiago,262-23-2650,"25578 Matthew Way
Johnfort, NJ 51745",N,miles
173,Victoria Ruiz,859-83-5978,"0005 Robert Lane
South Meganbury, NE 68398",Y,miles
174,Amanda Hampton,185-08-0718,"46205 Arnold Circles
New John, ME 43860",N,miles
175,Alison Stewart,886-92-0928,"50255 Sandra Skyway
Melaniefurt, AS 42185",Y,miles
176,James Berg,768-06-8145,"188 Lopez Hills Suite 855
New William, NH 37748",N,miles
177,James Abbott IV,362-16-5571,"51547 White Points
Rochashire, PA 64886",N,miles
178,Clinton Henderson,126-81-1746,"3544 Lopez Junctions Apt. 073
New Pamelabury, ID 64563",Y,miles
179,Christina Garcia,332-65-3411,"2779 Douglas Valley
Dunnmouth, IN 10109",N,miles
180,Alexander Watts,684-53-9308,"5198 Contreras Gardens Apt. 906
North Briana, MH 99219",N,miles
181,Andrea Orozco,248-98-6197,"9768 Timothy Mill Apt. 577
New Melissa, SD 24781",N,hours
182,Lisa Wang,087-33-8251,"7458 Roberts Burg Suite 772
Brandonfurt, OR 16547",N,hours
183,Gary Black,872-87-8686,"3765 Luna Land
Josephton, AK 62419",Y,hours
184,Tammy Larson,567-42-5803,"31866 Michael Falls
Tammystad, NC 76012",Y,hours
185,Sandra Bell,711-33-6933,"1469 Rebecca Road Apt. 334
Port Jacqueline, LA 21965",N,miles
186,Gregory Webb,076-12-2569,"09682 Fernandez Common Suite 339
Ambershire, CA 18287",Y,miles
187,Mark Mccarthy,235-97-4738,"1577 Dominic Points Apt. 964
West Heather, NJ 86943",N,miles
188,Kelly Thomas,478-99-8411,"53721 Nathan Radial
Davidmouth, WA 54528",N,hours
189,Joseph Lewis,236-06-6938,"4347 Veronica Island Apt. 111
Gravesbury, NJ 63261",Y,hours
190,Jill Smith,192-12-8922,"8554 Lauren Ranch Suite 125
Johnton, MS 48257",N,hours
191,Ms. Christine Nelson,886-97-9835,"Unit 0494 Box 2773
DPO AE 84334",Y,miles
192,Andrew Russell,417-36-4962,"094 Fernandez Causeway Apt. 795
Anthonymouth, FM 57404",N,hours
193,Christopher Morrow,460-34-1056,"49356 Perkins Causeway Suite 695
Burtonland, MI 66601",Y,hours
194,Kenneth Turner,298-20-5912,"PSC 5483, Box 5212
APO AP 75914",Y,hours
195,Jordan Reyes,822-94-2872,"106 Carolyn Forest
North Judithstad, AZ 03622",N,miles
196,Kelly Baker,039-20-6036,"1973 Kevin Fort
Leemouth, NJ 24980",Y,miles
197,Kathryn Cervantes,712-33-4365,"85319 Munoz Cape Suite 353
Lake Aaronport, AK 40907",Y,miles
198,Caroline Martin,237-21-7134,"72476 Lisa Dale
West Kristenville, WI 19838",N,miles
199,Alexis Collins,376-94-9683,"7060 Tonya Green
Clarkland, VI 62740",Y,miles
200,Katherine Jones,686-53-6365,"5843 Daniel Creek Suite 050
Lake Ravenland, VT 86357",N,miles
201,Chelsea Richards,330-49-0304,"USS Ford
FPO AA 66492",N,miles
202,James Hayes,273-29-3289,"2376 Harrison Drive
Angelashire, OR 54794",Y,hours
203,Beth Christensen,547-40-7102,"63348 Kelly Station
West Richardhaven, NJ 12596",Y,hours
204,Michelle Williams,564-79-7653,"0237 Smith Station
New Tinafurt, NM 17817",Y,miles
205,Molly Fields,414-31-4697,"3246 Collier Bypass
Antonioberg, AR 03543",Y,miles
206,Heather Johnson,625-58-0279,"59310 Adrian Inlet Suite 793
Hudsonton, VI 78352",Y,hours
207,Tracy Caldwell,014-71-5125,"733 David Unions Suite 642
East Meganfurt, SC 87806",N,miles
208,Jennifer Simon,576-36-6123,"Unit 9422 Box 1423
DPO AE 42122",Y,hours
209,James Pena,749-10-2294,"955 Antonio View
North Allisonbury, WY 05114",N,miles
210,Kathy Morales,177-70-8452,"33161 Meza Mission Suite 975
Lake John, OH 40255",Y,miles
211,Donald Martin,128-27-6501,"436 Charles Light Suite 320
Whitestad, NM 96646",N,miles
212,Sarah Larson,823-07-8207,"3712 Wilkerson Tunnel Suite 184
West Eileen, SC 85718",N,hours
213,Brandon Morrison,430-65-5028,"72836 Welch Fall Apt. 999
North Susanside, WV 88837",N,hours
214,Sara Perkins,606-39-8413,"Unit 6810 Box 1694
DPO AA 61001",Y,hours
215,Anthony Johnson,173-91-4821,"73475 Payne Glen Apt. 816
Mcfarlandborough, PA 33055",Y,miles
216,Devin Sanchez,219-80-6172,"0617 Berry Green
Carlabury, NE 16543",Y,hours
217,Kevin Brennan,382-60-6612,"84733 Everett River
Port Emily, NV 77279",N,hours
218,Vanessa Price,713-58-7318,"53857 Zuniga Brooks
Stephanietown, KS 17032",Y,hours
219,Victoria Diaz,779-16-0886,"06970 William Fork
Port Jessica, TX 33192",N,miles
220,William Lopez,332-76-8578,"21392 Calderon Springs
Andrewfurt, TX 86574",Y,miles
221,Steven Lloyd,316-02-3347,"60252 Timothy Islands
East Robert, MD 86335",N,hours
222,Zachary Wilson,691-30-9412,"Unit 8179 Box 5607
DPO AA 96636",N,hours
223,Ryan Glenn,325-11-8411,"953 Perez Mountain Suite 558
West Gregoryfort, HI 05985",Y,miles
224,John Clarke PhD,776-47-4834,"3600 Nicole Rapids
Jessicaburgh, AS 31317",N,hours
225,Andre Garcia,736-27-1908,"274 Katelyn Ports Apt. 336
Lake Pamelaport, CA 11126",N,miles
226,Daniel Meadows,326-23-2585,"662 Hernandez Vista Suite 489
Estesshire, CA 86908",Y,hours
227,John Moore,459-40-8042,"0490 Devin Islands
East Nancyfurt, WV 01334",Y,miles
228,Luke Smith,298-97-4478,"8071 James Prairie
Morganburgh, WI 41751",N,hours
229,Joseph Galvan,722-30-7598,"3143 Jackson Street
New Monica, MS 81714",Y,hours
230,Hector Gutierrez,849-25-8372,"705 Weber Inlet Suite 917
Hillstad, NM 07314",N,miles
231,Mark Russell,237-04-3782,"20359 Warren Place
Steventown, AS 30883",Y,miles
232,Kelly Frost,020-58-1995,"797 Ronald Club
North Patriciaberg, AZ 83569",N,hours
233,Richard Rogers,448-21-3726,"361 Jennifer Ford Suite 588
Port Anitaburgh, IA 04554",N,miles
234,Christina Franklin,459-22-2180,"9441 Tracy Groves
Dominguezside, MS 14768",Y,miles
235,Carol Fitzgerald,644-62-7829,"392 Travis Path
Port Paige, MI 85886",Y,miles
236,Theresa Carr,027-65-3559,"803 Brown Way Suite 024
New Caleb, SD 14291",N,miles
237,Molly Cross,255-73-1248,"PSC 7211, Box 4859
APO AE 74875",Y,miles
238,Courtney Evans,165-99-8364,"94006 Tyler Isle
Lewismouth, FM 70915",Y,hours
239,Kristy Chapman,353-12-2682,"6419 Chambers Square
Lake Laura, UT 58646",N,hours
240,Susan Maynard,534-84-5721,"8381 Erika Extension
Port James, AS 28585",Y,hours
241,Robert Wong,602-29-1266,"Unit 5621 Box 2344
DPO AP 63654",Y,hours
242,Elizabeth Hughes,157-37-0788,"9276 Richard Road
Port Zoeborough, KS 49996",N,hours
243,Anthony Burnett,351-96-6100,"729 Matthew Center Suite 047
Emilychester, DE 58468",N,miles
244,Matthew Rodriguez,013-35-6849,"007 Williams Bypass
Brownmouth, CO 81930",N,hours
245,Melissa Gallegos,722-05-2811,"72656 Lee Ports Apt. 240
Amandafurt, LA 47660",Y,hours
246,Jeanne Barker,354-42-2002,"98596 Gonzalez Falls Suite 842
Davisbury, ND 29243",Y,hours
247,Joseph Bailey,679-76-5735,"669 Jennifer Lane
Destinybury, CO 90691",N,miles
248,John Phillips,141-98-6415,"42276 Louis Lakes
East Michelleton, KY 00794",Y,hours
249,Patricia Bennett,734-52-8306,"564 Ellis Alley Suite 469
East Ivanville, NM 52664",Y,hours
250,Joseph Price,141-40-6244,"937 Taylor Divide
Churchchester, WI 28570",N,miles
251,Amanda Mcdonald,169-98-7629,"USNS Johnson
FPO AP 24270",N,miles
252,Jimmy Holmes,713-59-7179,"31270 Smith Track
West Desireeburgh, IN 44849",Y,hours
253,Jessica Olson,173-24-9173,"12762 Jessica Lock Suite 084
Teresaburgh, CA 63670",N,miles
254,Martin Powell,081-65-3474,"149 Smith Cove Suite 385
South Garystad, OR 87963",N,miles
255,Ellen Graves,007-68-0366,"003 Hunter Port Suite 440
Flowerstown, DE 51045",Y,hours
256,Anthony Alvarado,289-47-8943,"7258 Terry Centers
Jessicaberg, MD 78914",Y,miles
257,Courtney Huynh,518-71-8107,"5382 Gallagher Knolls
North Donaldton, TN 12277",Y,hours
258,Zachary Perez,273-92-0657,"33138 Gibson Port Apt. 052
South Mikaylaville, NH 88628",N,hours
259,Nicole Hunt,259-11-8487,"66523 Cox Grove
Lake Carolton, KS 75086",N,miles
260,Rachel Hahn,239-44-6374,"2653 Nixon Island
New Ryan, NH 55413",N,hours
261,Ariel Moore,749-64-2872,"63346 Danielle Rest
Leeville, OR 98678",Y,hours
262,Robert Watson,458-67-5280,"1666 Martinez Overpass Suite 119
Jonathanchester, LA 52547",Y,hours
263,Angela Yoder,874-45-3952,"20870 Alan Vista Apt. 069
Smithmouth, WA 06042",Y,miles
264,Gregory Davis,601-24-0766,"7779 Donald Knolls
New Lisaton, CT 34547",Y,miles
265,Elizabeth Robinson,016-06-5582,"38799 Davis Mountain
West Craigberg, ND 86352",N,hours
266,Stephanie Harris,018-93-8991,"630 Day Glen
West Spencerfurt, AL 61572",Y,miles
267,Courtney Nelson,471-33-8906,"1580 David Path Apt. 016
Hollandfurt, NV 97262",N,miles
268,Tyler Griffin,765-09-6606,"27202 Michelle Squares
New Darrellmouth, MO 87515",N,miles
269,Robert Tran,808-84-0075,"93981 Barker Meadows Apt. 223
Port William, GU 08333",Y,miles
270,Robert Kim,209-56-5432,"26206 Heather Rapid Suite 635
Oliviafort, IN 14358",Y,hours
271,Brooke Rivers,166-68-5842,"479 Robbins Crescent
Port Kaitlin, NY 81632",N,hours
272,Patrick Wood,583-47-5320,"702 Kathleen Viaduct
New Alisonchester, ME 07387",Y,miles
273,David Perkins,737-99-5454,"1438 Ariel Junctions
New Matthewview, FL 35236",Y,hours
274,John Rodriguez,131-38-8528,"5323 Owens Alley Apt. 620
Davidstad, WY 94816",Y,hours
275,Mia Romero,873-93-1515,"81584 Smith Mountains
Lake Mariaburgh, KY 37519",N,miles
276,Bryan Johnston,443-25-4893,"6074 Breanna River Suite 605
Watsonview, FM 13405",Y,hours
277,Brandon Martinez,421-61-5666,"703 Sarah Meadows Apt. 981
Lake Craigfort, HI 85574",Y,hours
278,Timothy Murphy,637-16-7653,"85951 Rodriguez Parkway
Vegashire, KY 51898",N,hours
279,Mr. Cody Curtis,599-08-4767,"517 Diane Trace
Kennedyburgh, NV 67475",Y,hours
280,Ryan Davis,831-07-7205,"4545 Robinson Union
New Brenda, MI 26684",Y,miles
281,Rachel Simpson,867-08-1950,"77599 Bruce Estates
Georgeville, NY 66965",N,miles
282,Emily Hill,389-78-7735,"2176 Wilkinson Plain Apt. 827
New Vincent, IL 51486",N,miles
283,Mr. Andrew Brown,857-63-8830,"127 Williams Mount Suite 327
Lake Travisside, AZ 63754",Y,hours
284,Stephen Velazquez,737-82-3379,"57382 Lawrence Via
South Patricktown, FM 24393",Y,hours
285,Brandon Chavez,219-94-8579,"019 Susan Meadows Apt. 329
Jonborough, GU 95061",Y,miles
286,Allen Hunter,591-71-6059,"Unit 1126 Box 3618
DPO AA 24085",Y,hours
287,Luis Zavala,170-67-8346,"1470 Newman Flats Apt. 056
Ryanmouth, AZ 61285",N,hours
288,Jessica Lynch,197-22-0028,"5051 Morales Course Apt. 499
New Stephanieside, KS 41872",Y,miles
289,Krystal Mueller,736-30-6894,"741 Riley Prairie Apt. 485
Abbottmouth, ND 01903",Y,hours
290,Douglas Mccann,110-38-3092,"26702 Alexandra Bypass
Timothyberg, IN 61212",Y,miles
291,Pam Gonzalez,361-85-5284,"2613 Karen Village Suite 256
Stonefurt, MI 90477",Y,miles
292,Tracey Powell,569-83-0331,"917 Matthews Road
Lake Adam, PR 33306",Y,hours
293,Deborah Williams,162-65-2186,"476 Turner Coves Apt. 840
Phillipsmouth, MI 28697",N,hours
294,Roger Brown,284-41-7029,"76365 Harrison Greens
Lyonstown, CT 80611",Y,miles
295,Henry Lawrence,581-08-1398,"6398 Nathan Circles Apt. 641
South Corey, NY 55302",Y,hours
296,Scott Frank,280-50-6027,"795 Walker Glen
Dianeburgh, PR 63116",Y,hours
297,Christopher Vargas,039-47-2964,"379 Thompson Loaf
West Stephanie, ME 34078",N,miles
298,Cassie Lang,257-61-7365,"301 Prince Bridge Apt. 040
Port Susanfort, NC 01001",Y,hours
299,Amanda Wilson,804-85-5835,"39856 Angela Plaza Apt. 421
West Lancemouth, KY 57529",N,hours
300,Eric Washington,169-69-1174,"Unit 8129 Box 3962
DPO AA 85356",Y,miles
301,Wanda Oliver,450-72-9020,"4609 Theresa Islands
Elijahtown, AS 19423",Y,hours
302,Jonathan Thornton,091-85-1064,"8494 Benjamin Views
Ramseyburgh, WV 74595",N,hours
303,Jessica Watkins,084-48-7397,"01175 Lyons Forges
New Melissa, MH 34858",N,hours
304,Mark Gonzalez,788-79-7789,"899 Candice Forks
South Christopher, MD 88088",Y,hours
305,Lindsay Jones,647-24-6416,"2127 Brandi Extensions
Bakerfort, DC 83286",N,miles
306,Katherine Campbell,646-54-2648,"077 Scott Row Suite 778
North Richard, NC 84324",N,hours
307,Andrea Castillo,491-81-6164,"52429 Kirk Mountains Suite 306
East Kellybury, ID 57734",Y,miles
308,Diana Soto,747-20-2750,"8567 Jennifer Bypass Apt. 590
Michelleshire, MT 33093",N,hours
309,Marissa Patterson,633-09-5199,"2130 Mills Summit Suite 970
South Jameston, MI 43553",Y,hours
310,Jeremy Clark,049-71-2419,"8504 Haley Trace Suite 923
Martinshire, MS 95474",N,miles
311,Jessica Bennett,240-32-5673,"3861 Newton Walks Suite 767
Taylorland, PR 41250",Y,hours
312,Jason Campbell,479-98-8759,"6674 Caldwell Glens
Jesusmouth, WY 25397",Y,miles
313,Mary Anderson,667-73-9559,"USS Reyes
FPO AP 11767",N,miles
314,Judy Brennan,232-28-1616,"54615 Nicholas Fall Apt. 535
East Brandyland, AR 15113",N,hours
315,Caitlin Buckley,005-41-0104,"776 Mary Overpass
Lake Danafurt, DC 31281",N,miles
316,Tammie Cunningham,252-31-6597,"8520 Brenda Plaza
New Theresatown, FL 35550",Y,hours
317,Amy Lopez,466-60-5153,"8271 Robert Burg Suite 967
Sanchezfort, RI 41098",N,hours
318,James Morgan,560-23-8119,"606 John Crescent
Williamston, NH 27392",Y,hours
319,Albert Mason,037-08-7086,"1300 Julie Mews Apt. 165
West Richardview, NM 18595",Y,hours
320,Lori Jackson,375-35-1031,"7738 Garcia Corners Apt. 282
Cooperberg, WA 81657",Y,hours
321,Robin Jenkins,307-70-2881,"0375 Nelson Ridge Apt. 949
South Thomas, MI 69510",N,miles
322,Gary Jones,598-94-1649,"Unit 6467 Box 1666
DPO AE 73039",Y,miles
323,Angel Camacho,846-28-3443,"920 Flowers Vista
Owensstad, AK 09900",Y,miles
324,Danielle Griffith,670-02-0303,"6729 Darlene Mission Apt. 763
North Roberto, DC 00921",Y,miles
325,Tammy Jones,054-92-4532,"38750 Allison Tunnel Suite 627
Vanessamouth, OR 09862",N,miles
326,Bobby Chavez,840-84-2337,"137 Monroe Shore Apt. 601
Lopezchester, WV 12155",Y,hours
327,James Fisher,371-64-3590,"9628 Jessica Harbor Suite 677
Ericport, NH 27508",Y,miles
328,Eric Myers,360-19-6445,"9573 Andrade Throughway
Makaylamouth, DC 08950",N,miles
329,Amy Cuevas,824-85-8407,"99438 Wood Plaza
East Catherinestad, MD 75088",Y,miles
330,Christopher Williams,006-79-8898,"2768 Lee Inlet
South Sandra, NM 82064",Y,hours
331,Richard Koch,574-71-4919,"006 Jamie Court Apt. 895
South Belinda, AZ 70309",N,miles
332,Taylor Carpenter,646-22-6479,"5066 Frederick Center Apt. 015
Stevenfort, AK 26565",Y,hours
333,Jamie Guzman,765-32-4268,"608 Jonathan Club
Brownchester, WV 60419",Y,miles
334,Beth Wells,541-01-8928,"006 Allison Loop
Duarteburgh, TN 59915",Y,miles
335,Betty Cox,728-03-7069,"18711 Patrick Hollow Apt. 420
South Kathy, FM 94445",N,miles
336,David Garcia,569-02-0605,"923 Timothy Drive
Jessicamouth, DE 88710",Y,miles
337,Michael Kidd,499-84-1863,"792 Woodard Inlet
Garciafort, VA 56160",N,miles
338,Jeffrey Roberts,288-06-3585,"479 Ross Glens
East Codyborough, CA 74499",N,miles
339,Morgan Andrade,577-75-3247,"782 Joshua Spring
Jonesfort, FM 14910",Y,miles
340,Meghan Bryan,297-72-0624,"489 Grant Camp
Parkfurt, NM 99826",Y,miles
341,Jason Gomez,105-46-1798,"36798 Martinez Gardens Apt. 762
South Crystalstad, MO 30094",N,miles
342,Willie Ellis,112-89-9658,"193 Desiree Falls
West Troy, NE 22746",Y,miles
343,Tyler Anderson,488-35-1984,"4748 Jones Forge
West Rebeccafurt, AR 93123",Y,miles
344,Kenneth Benitez,249-30-4255,"2474 William Station
Ethanland, WV 44604",Y,miles
345,Clarence Perkins,734-53-5816,"8017 Flores Shoal Apt. 606
Marcusside, ME 22736",Y,hours
346,Kelsey Roach,530-32-1784,"5491 Hector Stream Suite 341
Hallton, VA 02556",Y,miles
347,Anthony Hopkins,805-92-2237,"98136 Andrea Throughway
Port Timothyview, DC 26232",Y,miles
348,Joseph Moore,488-66-2171,"Unit 3639 Box 6891
DPO AP 57182",Y,miles
349,April Martinez,868-73-6903,"Unit 8586 Box 8813
DPO AA 37193",Y,miles
350,Kaitlin Robinson,880-16-3728,"Unit 3841 Box 1495
DPO AP 09691",N,miles
351,Abigail Spencer,363-90-7235,"6460 Cindy Gardens
East Robert, IL 41510",Y,hours
352,Lauren Roberts,080-34-0991,"548 Rogers Shoal
South Theodorechester, NY 24685",N,hours
353,Javier Parker,827-65-6681,"259 Myers Greens
Lewistown, NM 45230",N,miles
354,Melissa Sullivan,338-57-9495,"937 Mcdonald Locks Suite 852
East Jasontown, HI 36295",N,hours
355,Kevin Farley,705-73-8142,"48027 Donna Forks Suite 825
Ramirezmouth, ND 28380",Y,hours
356,Krista Dixon,347-40-1655,"2309 Eric Ferry
Johnborough, ME 79684",Y,miles
357,Melissa Gonzalez,598-98-8756,"65226 Michele Path Apt. 606
North Michaelborough, NM 50337",Y,hours
358,Sarah Yang,742-30-8320,"359 Mosley Avenue Suite 903
Deanchester, MH 41586",Y,miles
359,Kristen Owens,214-54-4113,"8510 Brown Square Apt. 484
Bakerchester, ND 89893",N,miles
360,Theresa Houston,843-35-8377,"31390 Garza Green Suite 719
Morganton, OR 83734",N,miles
361,Angela Alexander,679-08-2274,"92246 Wallace Plains Suite 977
Lake Tina, OH 13403",N,miles
362,Beverly Wright,398-45-2017,"49667 Burton Shores
Christophermouth, IA 05298",N,miles
363,Adam Johnson,160-09-8121,"0532 Brown Mountains
North Maryfort, NC 67854",N,miles
364,Rachel Lozano,498-78-4655,"16767 Wright Mountain Suite 000
North Amber, FM 80481",Y,miles
365,Christopher Mullins,050-87-2781,"3973 Christopher Wells Apt. 852
North Chad, OK 62920",Y,miles
366,Andrew Jones,464-63-3771,"23643 Elizabeth River
South Oscarland, WY 94119",Y,miles
367,Ariel Gonzales,203-63-6506,"05764 Ortiz Road Suite 719
Robertshire, OK 69049",N,miles
368,Aaron Martin,199-93-2851,"71254 Lloyd Lakes Apt. 215
North Donaldmouth, FM 21769",Y,miles
369,Robert Howell,111-16-6077,"70389 Johnson Roads
New Sarah, SD 22267",N,miles
370,Isaac Miller,841-48-2778,"1122 Richard Knoll Apt. 849
Taraton, KS 41443",N,miles
371,Carrie Cherry,840-71-1997,"Unit 9262 Box 0390
DPO AA 74305",N,miles
372,Tracey Jordan,516-25-9780,"682 Veronica River Apt. 170
Peterfort, VA 71552",N,miles
373,Juan Huang,072-91-2773,"5248 Jonathan Point
South Davidville, KY 53724",Y,hours
374,Jeffrey Johnson,302-04-3871,"152 Derrick Road
Thomasshire, VA 83797",N,hours
375,Alejandra Callahan,618-71-6898,"792 Sara Crest
East Micheleton, WA 79570",N,miles
376,Melissa Cook,537-91-0082,"2120 Ross Mills Apt. 563
New Ralph, WI 08962",N,miles
377,David Donaldson,868-80-9073,"380 Morales Park Suite 524
South Kim, MA 17986",N,miles
378,Whitney Russo,377-73-2248,"9974 Brian Hill
Port Sally, NE 37047",N,hours
379,Nicholas Murphy,112-02-6869,"8341 Dawson Row Suite 906
Port Haleychester, AL 86964",N,miles
380,Eric Smith,009-39-7341,"6025 Jones Crescent Apt. 633
Morganport, OR 50242",N,hours
381,Alan Hernandez,463-26-3159,"741 Emily Curve
Jayfurt, CO 21785",N,hours
382,Aaron Fuller,685-17-7265,"PSC 6453, Box 6463
APO AE 98297",Y,miles
383,Jennifer Brown,472-94-2449,"163 Jessica Branch
East Andrewtown, ND 79075",N,miles
384,Mary Evans,529-66-4226,"964 Edwin Extensions
Alexisfort, GU 30455",N,hours
385,Deborah Ware,009-83-4081,"Unit 9064 Box 9959
DPO AE 36923",Y,miles
386,Jeremy Bautista,814-29-4898,"USNV Benitez
FPO AE 10980",N,hours
387,Michael Morales,112-76-2209,"PSC 6538, Box 7905
APO AA 95440",N,hours
388,Robert Smith,628-42-0953,"868 Daniels Meadow Apt. 377
Natashaside, CO 91303",N,hours
389,Brittany Howard,644-50-3778,"8199 Rasmussen Springs Suite 467
Terrifort, NY 10940",Y,miles
390,Tony Hampton,227-49-3378,"968 Joanna Roads Suite 972
North Lauren, MT 59362",N,hours
391,Chad Rodriguez,725-13-8747,"14430 Ruiz Passage
Jacksonmouth, MD 87365",Y,hours
392,Justin Lopez,825-99-6618,"55730 Smith Place Suite 342
Juanmouth, CT 69948",Y,miles
393,Anthony Wood,248-01-0183,"0485 Chen Cove Apt. 680
West Heather, IN 35485",Y,miles
394,Christopher Stuart,704-69-4434,"516 Michael Estates
Port Benjamin, OH 98439",Y,miles
395,Rodney Mayer,754-49-8293,"23066 Steven Rapid
Leahfort, MS 31368",Y,miles
396,Derrick Mcneil,120-58-4443,"794 Richard Rue Suite 884
East Matthewchester, LA 66032",Y,hours
397,John Bishop,559-24-6124,"1569 Kimberly Shores Apt. 351
Jenniferstad, SC 89341",Y,hours
398,James Shannon,428-80-9632,"9441 James Loop Apt. 757
Port Jamiemouth, WI 85499",N,hours
399,Andrew Bruce,209-46-1732,"43170 Lisa Centers Suite 699
Patrickmouth, MS 76522",N,hours
400,Stephanie Luna,507-31-2620,"36938 Snow Extension
New Joycebury, WA 07545",N,hours
401,Brianna Myers,003-16-3937,"98534 Herrera Shoal Apt. 273
New Christine, CT 65853",Y,miles
402,Juan Moody,521-67-6205,"54622 Matthew View
Jensenport, NJ 56602",N,miles
403,Sandra Gross,269-79-3403,"2712 Williams Locks
Beckburgh, NJ 27306",Y,hours
404,Jo Rich,546-87-1959,"859 Day Wells
West Michaelburgh, VI 73781",Y,hours
405,Crystal Coleman,338-48-9436,"4098 Vincent Ridge Suite 141
North Erica, IL 49883",Y,miles
406,Judy Hayden,605-92-3024,"25508 Pamela Village Apt. 735
North Rebeccaville, MD 07399",Y,hours
407,Natalie Edwards,279-67-0854,"416 Shannon Mount Apt. 853
South Ianport, NY 81260",N,miles
408,Nicholas Aguilar,505-41-1216,"4190 Darin View
Patrickfurt, PR 42841",N,hours
409,John Ramirez,849-31-7336,"0478 Johnson Crossing Suite 201
Daltonchester, MN 05431",N,hours
410,Tanya Harris,605-47-9102,"642 Larsen Camp
Cynthiaside, NM 20958",Y,miles
411,Alex Graham,876-37-4282,"852 Jeremy Hill Apt. 654
Port Nicoletown, NJ 34485",Y,hours
412,Diana Daniels,277-78-3319,"402 Matthew Creek Suite 882
Lake Nicholas, MS 26122",N,miles
413,Robert Warren,872-45-2774,"8823 Kristine Fort Apt. 240
East Aaron, KY 81902",Y,hours
414,Hannah Yates,055-28-8487,"9868 Heather Lodge Apt. 982
Lake Robin, MD 02457",N,hours
415,Emily Palmer,021-21-9478,"949 Carpenter Meadows Apt. 864
New Jessica, NM 64555",N,miles
416,Joseph Snow,864-20-1971,"40855 Kevin Bridge Suite 467
Victoriaville, WA 98282",N,miles
417,Michael Joseph,563-23-3291,"444 Christopher Vista Suite 934
Morganview, FM 14895",Y,miles
418,Katherine Williams,130-46-4941,"592 Torres Stream
Mariaport, NC 48138",Y,miles
419,Stanley Rollins,104-05-1733,"48722 Shane Lane
North Brandy, NC 82200",N,hours
420,Renee Bowers,599-47-7704,"019 Ricardo Throughway
Geraldberg, FL 70442",N,miles
421,Jennifer Houston,036-08-6166,"969 Peter Cliffs Suite 788
Floresburgh, UT 19951",N,hours
422,Alexis Smith,654-38-6227,"77374 Adkins Parkways Apt. 149
Benjaminborough, ID 60877",Y,miles
423,Jessica Richardson,078-56-8140,"044 Jessica Walks Suite 631
South Jacobbury, MS 15255",N,miles
424,Lindsey Guerra,522-27-9610,"9831 Stephen Corners Apt. 760
Lake Shawnborough, MT 28366",Y,miles
425,Stacy Williamson,143-93-8371,"3275 Adrian Mountain Apt. 286
Lake Audreyside, NH 72514",Y,miles
426,Daniel Johnson,331-14-2311,"058 Martin Course
South Sheri, ME 07372",N,miles
427,Crystal Jennings,802-38-8857,"985 Susan Causeway Apt. 498
West Johnmouth, CT 38487",N,miles
428,Ruth Williams,751-70-8193,"9877 Calhoun Mount Suite 504
Mcculloughton, KY 21644",N,hours
429,Bryan Perkins,280-55-6623,"68989 Nelson Pine
Lake Mary, ME 04854",N,hours
430,Brandy Thompson,767-13-3217,"61895 Matthew Meadow
Jonathanstad, IA 02653",Y,hours
431,Alicia Singh,664-29-5258,"5835 Barnett Grove Suite 790
Jimenezport, AS 37487",Y,hours
432,Jeffrey Daniels,836-51-2707,"24806 Andrew Creek Suite 586
Brianhaven, GU 31907",Y,hours
433,Michele Harris PhD,327-45-5738,"16774 William Islands
Alyssaton, IA 14015",Y,hours
434,Erica Clark,841-80-9256,"PSC 9920, Box 8293
APO AE 98050",Y,hours
435,Brett Wright,464-06-9752,"256 Joel Islands Apt. 798
East Austintown, FM 19765",N,hours
436,Lisa Johnson,403-03-3093,"084 Kathleen Junction Apt. 585
Aguilarchester, PA 04562",Y,miles
437,Robert Meza,681-63-1730,"165 Baker Light Apt. 783
Alexishaven, NV 52437",Y,miles
438,Alan Smith,270-41-0514,"98951 Jones Gardens
Salinaston, MO 47910",Y,hours
439,Emma Serrano,228-72-6995,"38019 Ross Lane
New Markland, MP 29937",Y,hours
440,Kevin Perez,838-60-7544,"577 Williams Crossing
Combston, NC 71399",Y,miles
441,Dustin Yang,261-97-8168,"242 Davis Plains Suite 467
Richardchester, OH 38327",Y,miles
442,David Snow,084-30-0665,"24727 Roberts Lakes Suite 472
Smithside, SC 70567",Y,hours
443,Ashley Flores,462-47-0968,"19017 Powell Brook
Fieldsmouth, SC 93067",N,miles
444,Donna David,612-71-9770,"3609 Cantu Creek Suite 021
New Jessicaton, MI 84893",Y,miles
445,Richard Gonzales,374-92-5150,"748 Stephanie Walk Suite 318
Port Ashlee, WV 60950",Y,hours
446,Wayne Brown,329-17-8953,"0102 Marsh Ferry Suite 646
Josephville, MT 34411",Y,hours
447,Randy Callahan,767-88-4411,"676 Black Coves Apt. 191
Charlesstad, WV 47522",N,miles
448,Jeremy Taylor,143-09-5366,"3837 James Station
North Antoniofort, ID 15776",Y,hours
449,April Walker,136-10-9670,"344 Sarah Falls Apt. 692
Laurenborough, MI 82286",Y,miles
450,Mr. Jeffery Odonnell,091-54-8073,"5900 Allison Run
Johnborough, ID 95380",Y,hours
451,Miguel Jones,715-83-6760,"PSC 0272, Box 3976
APO AA 07317",N,hours
452,Lori Ayala,670-04-5116,"4398 Martinez Heights Suite 077
East Michael, MP 47925",N,hours
453,Marie Everett,119-56-4523,"4074 Chris Port Suite 357
Greenton, IL 60320",N,miles
454,Patrick Meyer,328-71-6959,"18506 Singh Extensions Apt. 628
Newtonberg, NC 51224",Y,miles
455,Michael Cruz,615-29-7713,"933 Patricia Field
Morrisfurt, VA 25713",N,hours
456,Jose Mann,132-84-3707,"PSC 6794, Box 1765
APO AE 86661",Y,hours
457,Debra Newton,470-44-6610,"3875 Davis Points
Christinaberg, CA 35645",Y,miles
458,Sandy Baker,545-29-4487,"71481 Martin Via Suite 899
Rebeccaburgh, MN 70135",N,hours
459,Jared Rowe,125-43-4033,"PSC 4256, Box 1940
APO AA 79369",Y,miles
460,William Smith,389-14-0651,"97742 Garcia Fork
West Christopherberg, NV 02954",N,hours
461,Rebecca Watson,554-77-1299,"3278 Rebecca Mission
West Stephenmouth, CO 13004",N,miles
462,Scott Kim,643-73-6501,"0987 John Plaza
Lestad, ME 11271",N,hours
463,Anita Johns,738-61-9912,"302 Joseph Parkway Suite 171
East Wendyfort, MP 93570",N,hours
464,Lauren Warren,605-59-2543,"89094 Garcia Plaza Suite 065
Davishaven, MP 80642",N,miles
465,Keith Carpenter,068-15-4721,"75384 Melissa Mountain Apt. 857
Karenmouth, IA 56073",Y,miles
466,Mary Stone,865-74-3601,"90222 Emily Ramp Suite 614
South Ashleytown, FM 46593",N,miles
467,Kim Anderson,467-61-3843,"0345 Thompson Station
Robertsonville, MA 28134",N,hours
468,Johnny Rogers,871-95-9812,"7675 Patrick Village Suite 345
Lewishaven, OK 63699",N,miles
469,Marcus Mendoza,060-69-8999,"152 Moore Trail Suite 209
Lake Hannah, VA 06619",Y,hours
470,Roy Edwards,717-69-1419,"0487 Shane Rapid
North Ashlee, NC 90458",Y,miles
471,Isabel Bennett,460-93-8237,"95798 Phillips Land Suite 455
Lake Richard, WI 54532",Y,miles
472,Brianna Jackson,260-13-8826,"4532 Shelley Radial Suite 482
Williamhaven, HI 49403",Y,miles
473,Lauren May,740-19-7303,"078 Schmidt Rue Apt. 583
West Jennifermouth, NV 05171",Y,hours
474,Tiffany Gill,056-06-6729,"45972 Williams Manors
Zacharystad, OH 84679",Y,miles
475,Jean Barnett,779-62-5656,"203 Swanson Point
East Julie, ND 33277",Y,miles
476,Tiffany Hayden,780-70-9333,"87068 Kevin Land Apt. 119
Michaelview, VT 11575",Y,hours
477,Antonio Wilson,608-29-9504,"37966 Martinez Turnpike Apt. 844
Campbellchester, CO 76800",Y,miles
478,Eric Kelly,013-68-7416,"35864 Davis Courts Apt. 646
Thomasbury, ND 74224",N,miles
479,Patricia Mcfarland,694-08-0371,"59670 Klein Wells Apt. 865
East George, NM 08929",N,miles
480,Stephanie Curtis,077-89-6306,"Unit 0569 Box 7717
DPO AE 38887",N,miles
481,Alan Wright,492-48-2391,"58103 Jessica Underpass Apt. 101
Joshuahaven, CO 44158",Y,miles
482,Jacqueline Hodge,248-95-9843,"12287 Thomas Isle
New Danielbury, MH 22698",N,miles
483,Samantha Lam,570-96-7772,"77201 Morales Oval Apt. 690
Lake Chris, CT 88776",N,hours
484,Brittany Meyer,886-73-5092,"122 Hinton Track
Jonathanville, LA 34957",N,miles
485,Sarah Taylor,696-51-7286,"119 Natalie Haven
Joshuabury, MI 22426",N,hours
486,David Morris,311-19-0578,"341 Christina Wall Suite 417
Carlosbury, GA 87387",Y,miles
487,John Wilkerson,120-39-2131,"268 Watson Trace Apt. 520
Randymouth, PW 94494",Y,hours
488,Jane Huber,304-97-0770,"8751 Brianna Highway Apt. 324
Santosport, MO 42136",N,miles
489,Todd Walker,408-21-0792,"Unit 8795 Box 2574
DPO AE 25635",Y,hours
490,Patricia Taylor,558-81-3230,"8561 Gregory Terrace
Baileyberg, PA 74076",N,miles
491,Isaac Hardin,256-73-6673,"1699 Tracy Mountains
Lake Andreaberg, NH 29402",Y,miles
492,Matthew Cantu,411-78-5064,"533 Jason Burgs
Hensonmouth, UT 40459",N,miles
493,Jennifer Santiago,657-23-2744,"1128 Elizabeth Extension Suite 655
Jenniferport, CA 84368",Y,hours
494,Janice Griffin,085-59-0941,"USCGC Moore
FPO AE 38950",N,hours
495,Susan Fowler,869-05-3583,"0950 Parker Squares Suite 814
Michaeltown, MP 06278",Y,miles
496,Andrew Phillips,574-50-3639,"08830 Swanson Common
Lake Marcus, KY 35905",N,hours
497,Chelsea Miles,136-14-9364,"09756 Sanchez Shore
Robertmouth, AS 23920",Y,miles
498,Amy Dixon,153-27-5973,"PSC 9878, Box 5973
APO AA 58385",Y,miles
499,Richard Smith,378-59-4005,"9551 Kellie Lodge Apt. 701
North Ann, VT 67679",Y,miles
500,Audrey Arnold,899-07-2447,"24358 Patricia Row Apt. 440
East Josefort, OK 26501",Y,miles
501,Paul Davis,609-07-8193,"69574 Stephens Rapid Suite 923
Jenkinsville, MA 95914",N,miles
502,Jennifer Jones,681-99-8569,"1255 Flores Parkways
West Amanda, FM 42457",Y,miles
503,Amy Norman,287-98-6840,"PSC 6050, Box 4672
APO AE 66608",Y,miles
504,Joseph Williamson,664-61-6265,"5042 Best Track
Jefffort, WA 57784",N,miles
505,Sergio Morrison,360-62-0538,"39958 Kelly River
Port Amber, UT 29825",N,miles
506,Barbara Callahan,503-31-7735,"0521 Brandon Viaduct
Reneehaven, AK 38212",N,miles
507,Brittany Kelly,137-30-9643,"715 Roberts Camp Apt. 898
Fowlermouth, VT 43914",N,hours
508,Mark Roberts,802-96-0467,"16219 Anne Harbors Apt. 833
South Nancyton, ND 15362",Y,miles
509,Nathan Gallagher,228-69-3539,"8601 Odom Flats
Kevintown, MD 92545",N,hours
510,Julie Gill MD,774-77-3619,"Unit 8405 Box 1697
DPO AE 96390",Y,miles
511,Charlotte Edwards,349-69-1503,"3239 Cody View Suite 550
New Stephanie, MI 62624",Y,hours
512,Bradley Graham,688-74-7871,"52879 Kimberly Creek
Schmidtbury, ME 75165",Y,miles
513,Cheryl Proctor,897-54-3881,"28246 Hernandez Cliffs
Mcintoshmouth, DC 33633",Y,miles
514,Robin Lester,182-34-7154,"783 Donald Fork Suite 878
North Julie, ME 47009",N,hours
515,Frederick Ward,837-08-9836,"546 Michael Parkway Apt. 925
West David, MN 80314",N,miles
516,Jennifer Livingston,805-85-9465,"79087 Felicia Mountain Apt. 424
West Latoya, AS 74615",Y,miles
517,Donna Phelps,596-59-4288,"USNS Allen
FPO AP 19527",N,hours
518,Cheryl Wallace,474-60-2173,"09971 Ronald Underpass Apt. 746
Port Katie, AL 07807",N,miles
519,Lydia Crawford,566-69-3967,"7474 Berry Lock Apt. 294
West Keithborough, VA 79223",Y,miles
520,Bridget Maxwell,464-22-9435,"52880 Vasquez Manor
Justinport, FM 21962",Y,hours
521,Michael Lopez,234-62-6611,"1579 Franklin Gardens Suite 901
Lake Richard, ND 38324",Y,hours
522,Samuel Buchanan,685-23-7819,"499 Sandra Brook Suite 443
Annachester, KS 30923",N,miles
523,Sharon Olsen,346-36-2449,"91573 Wilson Lakes
Cookmouth, MD 64705",Y,hours
524,Michael Kelly,457-93-0758,"959 Michelle Mountains
Markshaven, OR 77585",N,miles
525,Jessica Phillips,417-11-0022,"11906 Martin Valleys Suite 158
Washingtonton, AK 87289",N,hours
526,Ellen Lawrence,394-89-6741,"33226 Meredith Parks
Veronicatown, SD 15251",Y,miles
527,Mary Scott,896-37-4962,"9640 Cisneros Drives Apt. 377
Port Samanthaside, WY 75071",N,miles
528,Heather Hayes,274-67-8733,"70792 Willis Glen
Hughesmouth, UT 36497",N,hours
529,Manuel West,395-77-4769,"0017 Austin Corners Apt. 174
New Jennifer, TX 97350",Y,miles
530,Jonathan Oliver,780-22-5313,"679 Whitney Wells
Susanburgh, KS 08626",Y,miles
531,Erika Craig,472-38-2719,"625 Timothy Cove Suite 211
East Timothy, GU 36427",Y,hours
532,Matthew Mahoney,344-43-0814,"4438 Stephanie Rue
Port Brandimouth, CT 61115",N,miles
533,Scott Charles,605-07-3185,"6161 Adam Park Suite 620
Port Molly, ND 84839",N,miles
534,Kristin Reid,356-08-4110,"USCGC Walters
FPO AP 78771",N,miles
535,Kim Salas,185-91-6958,"864 Taylor Lights
East Angela, OR 07120",Y,hours
536,Lisa Galloway,477-54-0508,"42543 Mark Expressway
Fergusonshire, AK 54876",Y,hours
537,James Snyder,518-78-4321,"3908 Elizabeth Unions Apt. 274
Karlaton, AL 38177",Y,miles
538,Mark White,837-56-7710,"6838 Andrea Mountain Apt. 372
New Cesar, NV 23858",N,hours
539,Robert Johnson,506-72-7675,"71929 Kathy Harbors
Christopherchester, NV 08073",N,hours
540,Kathleen Stuart,537-34-1494,"6484 Holt Way
Port Johnchester, DC 17756",Y,hours
541,Joshua Payne,545-75-0231,"Unit 8538 Box 4635
DPO AE 24989",N,miles
542,Rachel Brooks,586-37-5340,"71372 Edwards Plains Apt. 218
Gregoryshire, AK 76042",N,miles
543,Kendra Cook,100-96-3392,"679 Patricia Glen Apt. 994
North Greg, CA 19522",N,miles
544,Richard Lawson,644-18-2040,"79941 Johnson Ports Suite 352
Youngville, MH 51812",N,hours
545,Sara Shepard,215-37-5063,"48227 Robert Path Suite 365
East Kristyfort, UT 34748",Y,hours
546,Breanna Dorsey,192-14-6937,"11795 Bailey Throughway
New Brenda, ID 06421",Y,hours
547,Amber Jones,303-76-4988,"1903 Melissa Crossing Suite 321
Lake Jefferyborough, PA 79313",N,miles
548,Maurice Davis,327-69-1200,"68156 Shaffer Field Suite 873
Fostermouth, SC 44288",Y,miles
549,Kenneth Dudley,213-91-1099,"1088 Jessica Station
New Michaelstad, IA 02467",N,hours
550,Michael Ward,837-86-9568,"48388 Barnes Plaza Suite 902
Raymondburgh, NE 83081",Y,miles
551,Billy Curry,426-84-5340,"303 Brown Wall
South Christopherberg, MD 71007",Y,miles
552,Kelli Ritter,427-89-7231,"1262 Matthew Village Suite 556
North Brandiborough, IL 62552",N,hours
553,Larry Morales,694-82-2417,"43618 Melissa Motorway
Daniellemouth, CT 77689",N,hours
554,Shannon Adams,669-55-0808,"876 Craig Village
West Chris, DE 32689",Y,miles
555,Jason Mendoza,333-97-3169,"5303 Tami Islands
Wallerside, CT 15016",Y,miles
556,Jason Ford,094-82-3819,"Unit 9491 Box 9113
DPO AE 36695",N,miles
557,Laura Lee,236-26-6974,"9474 Mills Circle
Cruzton, WA 26518",N,hours
558,Pamela Jarvis,417-18-4866,"5368 Zachary Parkway
Mckeeburgh, WI 36101",Y,miles
559,Michele Mays,229-26-8190,"41329 Montoya Burgs Suite 191
Mcdonaldland, OH 60369",N,miles
560,Charles Johnson,461-34-8372,"96498 Smith Stream
New Jesse, ME 80691",N,miles
561,Anthony Murray,445-59-3766,"64937 Bass Forks
South Mariastad, MI 58346",N,hours
562,Stephen Schmitt,548-96-6322,"388 Jeffrey Mill
West Davidfurt, CA 43327",Y,miles
563,Kelly Campbell,576-55-9666,"USNS Garza
FPO AP 19333",N,hours
564,Julia Mckenzie,152-82-3017,"6525 Johnson Mountain
Jennifermouth, VT 05663",N,miles
565,Laura Diaz,572-99-3601,"1157 Middleton Island
Port Lisamouth, KS 16894",Y,miles
566,Nicole Carter,839-85-9054,"76531 Bell Forge Suite 814
South Jeannemouth, KS 24056",Y,miles
567,Jessica Jenkins,364-13-3363,"5168 Hamilton Plains
Tiffanyton, NM 41960",Y,miles
568,Bobby Malone,572-80-6131,"136 Emma Expressway Suite 314
North Robert, CA 64158",Y,hours
569,Grace Hernandez,765-79-3980,"PSC 4074, Box 4340
APO AP 42440",Y,hours
570,Mark Bryant,258-09-1669,"561 Hunter Gateway
Jonesshire, ID 01805",Y,hours
571,Kimberly Jones,437-68-5001,"PSC 1692, Box 6477
APO AP 19594",Y,hours
572,Jacqueline Campbell,468-53-8059,"65308 Erin Wells
North Rachel, VT 07170",Y,miles
573,John Hardin,600-14-5841,"010 Snow Hill
West Teresaport, VA 91469",N,hours
574,David Edwards,679-40-7898,"7077 Hardin Views Apt. 801
South Valerie, CT 26174",N,hours
575,Harold Rosario,738-34-1406,"USCGC Coleman
FPO AP 65196",Y,hours
576,Jeremy Woods,654-46-1956,"1882 Taylor Avenue
Beckertown, AR 50566",N,miles
577,Kathleen Frederick,812-17-6390,"02587 Smith Street Suite 473
Hamiltonfort, RI 18520",N,miles
578,Margaret Bartlett,440-53-9251,"573 Vanessa Fort Apt. 957
Gonzaleztown, NY 67119",Y,miles
579,James Vang,607-97-7312,"6825 Tricia Way
New Michelle, NY 14664",N,miles
580,Kimberly Snyder,055-31-7889,"USNV Montgomery
FPO AP 46466",Y,hours
581,Rebekah Stevens,713-36-1388,"9705 Burton Expressway Suite 814
Shannonburgh, MH 95399",N,miles
582,Roberto Donovan,214-43-5435,"74958 Middleton Skyway
Wendyborough, OH 02539",Y,hours
583,Ashley West,596-04-1135,"639 Bill Causeway
Whiteborough, RI 91293",Y,miles
584,James Gibson,524-52-5263,"995 Kathleen Walks
Bairdport, CA 43128",N,hours
585,Wesley Guerrero,858-88-1098,"08543 Peter Bridge Apt. 360
New Linda, PW 96240",N,miles
586,Richard Wright,278-97-2053,"320 Sandra Pike
Diazstad, CO 08899",N,miles
587,Joe Johnson,199-63-9670,"PSC 6330, Box 7483
APO AE 33628",Y,hours
588,Matthew Gray,501-68-2464,"91274 Troy Haven
Melissabury, KS 03077",Y,miles
589,John Fields,756-83-4430,"4804 Smith Wells
East Diana, NM 81252",N,miles
590,Andrea Washington,611-54-1036,"324 Veronica Junction Apt. 020
Lake Sherylhaven, AZ 20828",N,miles
591,Dr. Lauren Garcia DDS,008-94-3914,"645 Lam Squares Apt. 618
West Joel, MP 17620",N,miles
592,Kristen Fox,392-09-0445,"7097 Nicole Fall
Combsburgh, NV 57891",Y,miles
593,Blake Kelly,691-27-0373,"70204 Robert Villages
North Christopher, VA 20552",Y,miles
594,Justin Mack,212-17-2261,"4133 West Ports
Jillport, OK 25834",Y,miles
595,John Roberts,033-21-5524,"35065 Maureen Valley Suite 877
South Madison, VT 61893",N,miles
596,Tyler Mcintosh,586-73-4952,"8931 Maldonado Plaza Suite 132
South Valerie, WV 83369",N,hours
597,Latasha Hodge,785-31-0595,"294 Anderson Inlet
Port Seanchester, CO 75425",N,miles
598,Douglas Taylor,549-76-1387,"6819 Rebecca Fields Suite 111
East Robert, CO 15382",Y,miles
599,Linda Day MD,309-39-3418,"USS Shaw
FPO AP 94072",Y,miles
600,Nicole Ramirez,764-04-0908,"7314 Cameron Estates
Lake Donaldchester, MS 85994",N,miles
601,David Riggs,470-90-4139,"USS Buck
FPO AP 81664",N,hours
602,Harry Mcclain,691-80-4321,"1259 Dawn Trace Apt. 773
Fullerton, WA 75139",Y,miles
603,Kimberly Perkins,096-97-2458,"3414 Ramirez Mall
Murphyville, PW 09671",Y,hours
604,Amber Arnold,780-91-3348,"460 Watts Stream
Port Jessicaton, OK 46039",N,hours
605,Trevor Dixon,373-02-2092,"53057 Harding Ranch Suite 018
Teresaview, MN 69928",N,miles
606,Corey Dodson,769-31-2075,"Unit 7396 Box 6557
DPO AP 45548",N,hours
607,Ryan Flores,473-09-1155,"03243 Gilbert Street Suite 510
East Michaelstad, WA 46120",N,hours
608,James Calderon,197-70-0696,"125 Fitzgerald Isle
Cooperton, DC 41396",Y,miles
609,Carl Williams,485-37-4476,"69592 Eric Rapids
Rhondashire, MP 70158",N,hours
610,Heather Gonzalez,082-66-7571,"2925 Heather Island Suite 411
Greerburgh, TX 28085",Y,hours
611,Reginald Lee,203-35-6963,"5928 Rita Run Apt. 270
East Michael, SD 46549",Y,hours
612,Natalie Lyons,889-20-2267,"526 Jeffrey Point
South Jessica, NC 98864",N,miles
613,Justin Lamb,332-86-2835,"1239 Sierra Park Suite 782
Perkinsfort, OR 77891",N,miles
614,Charles Jones,792-74-7432,"7121 Guerrero Views
West Micheleville, AK 82433",N,miles
615,Stephen Allen,035-69-5020,"Unit 2597 Box 3972
DPO AE 48219",N,hours
616,Robin Ward,862-12-1395,"312 Mendoza Crossing
Johnsonport, FM 68222",Y,hours
617,Patrick Anderson,704-54-7725,"PSC 9807, Box 2436
APO AP 46554",N,miles
618,Marc Lewis,797-18-2779,"26866 David Motorway Apt. 244
Stevemouth, GU 04307",N,hours
619,William Parker,678-64-2277,"59086 Gomez Knoll
Lake Darrenshire, ME 42850",N,hours
620,Amy Guerrero,744-78-7557,"06680 Leach Cliff Apt. 603
Lake Glendaport, VI 40542",Y,miles
621,Douglas Lamb,554-81-5645,"06759 Mccarthy Cape
Lake Michael, OK 35634",N,miles
622,Anthony Moore,758-79-0652,"Unit 0331 Box 2295
DPO AP 75032",Y,hours
623,Kurt Taylor,747-94-2006,"53765 Kayla Points Apt. 248
South Davidfort, GU 24833",Y,miles
624,Pamela Lowe,477-32-0329,"06633 Williams Pine Apt. 607
Katiebury, CT 16853",Y,miles
625,Miss Nicole Moon,226-15-6752,"6521 Cheryl Hollow Suite 062
Monteston, OR 56557",N,hours
626,Maria Tate,552-53-3462,"8000 Michael Manors Suite 334
South Roseshire, ID 92055",Y,miles
627,Noah Chan,391-24-8863,"1082 Andrea Rapid
Jeffreyfurt, TX 91647",Y,hours
628,Danielle Jensen,473-75-6370,"Unit 6467 Box 3081
DPO AP 71942",N,miles
629,Joshua Clark,461-44-3811,"1021 Brian Springs Suite 824
Tammybury, IN 51767",Y,miles
630,Thomas Porter,246-33-5374,"3297 Andrew Square
Lake Allison, TN 52183",N,hours
631,Kimberly Gonzalez,754-90-4841,"64272 Moore Roads
East Colin, GA 58861",N,hours
632,Dr. Philip Wells,299-43-7981,"070 Travis Harbor
West Frederickbury, VA 07282",N,miles
633,Christopher Fernandez,596-13-4086,"12559 Fox Lodge Apt. 812
Turnertown, AR 88034",Y,miles
634,Debbie Pittman,780-91-5795,"5316 Smith Mountain
East Philipview, PR 04457",N,hours
635,Olivia Davis,353-33-8911,"388 Thompson Well
West Danashire, CA 85618",N,miles
636,John Petersen,860-38-2262,"23087 Wheeler Loop Apt. 978
Hillchester, MN 66495",N,hours
637,Mark Dean,661-28-7609,"81364 Moore Heights Suite 682
Eddieshire, VA 13015",N,miles
638,Arthur York Jr.,557-52-3830,"1675 Brandt Vista Suite 865
Donnaport, VT 14296",N,miles
639,Elizabeth Mcdonald,503-98-6390,"35759 Kyle Road Suite 095
Gonzalezmouth, GU 61120",N,miles
640,Paul Contreras,036-10-4942,"3400 Hall Branch
Millermouth, AK 12246",Y,miles
641,Heather Evans,788-64-4147,"773 Aaron Field
Lake Randy, FL 26846",N,hours
642,Daniel Olsen,804-85-9952,"0100 Ferguson Mews Apt. 898
Wallerburgh, DC 41842",N,hours
643,Pamela Butler,309-14-3211,"USNS Howell
FPO AP 09697",Y,hours
644,Christina Phillips,889-08-3235,"2390 Petersen Cliffs
Brownfurt, NV 89933",Y,hours
645,Kristen Butler,210-35-2419,"672 Lambert Estates
Port Jacobshire, HI 61330",Y,miles
646,Daniel Flowers,181-83-2713,"63406 Trevino Loaf Suite 624
Brianshire, PA 18351",Y,hours
647,Ariana Bell,054-78-6972,"6208 Nancy Grove
South Staceyport, KY 14774",Y,hours
648,Corey Chavez,230-59-0996,"697 Owen Ridges Suite 937
Thomasport, IN 03070",Y,miles
649,Christina Williams,325-02-7924,"424 Garcia Stream
Thomashaven, RI 82332",N,hours
650,Dennis Haas,117-47-2713,"55394 Brian Stream
Lake Abigail, VT 22265",Y,hours
651,Dawn Burnett,516-28-9125,"594 Julie Fords
South Amanda, CT 48791",Y,hours
652,Tonya Ferguson,515-03-9901,"2508 Mark Causeway Suite 340
West Laurastad, KS 02563",Y,hours
653,Sherry Montes,070-57-1138,"5305 Singleton Crossing
Hooverview, NJ 92529",Y,hours
654,Matthew Escobar,812-93-3519,"8377 Brown Fields
New Brenda, GU 58494",Y,miles
655,Laura Taylor,753-85-1059,"30121 Faulkner Ramp
North Edward, FM 31421",N,miles
656,Jennifer Rangel,445-40-4464,"0841 Rivera Stream Suite 045
New Sheila, NE 35091",N,miles
657,Brian Sandoval,114-61-2561,"7550 Gay Crossroad Suite 407
West Ashleyfort, GA 93715",N,hours
658,Laura Peters,437-08-5579,"5863 Martin Green Suite 290
West Cole, NM 17759",Y,hours
659,Victor Jones,663-77-6969,"6504 Roberts Groves
Delgadochester, IA 56961",Y,hours
660,Frank Weaver,775-79-3776,"684 Bell Plaza Apt. 228
Matthewborough, DE 74898",Y,hours
661,Michael Joseph,480-75-4583,"Unit 8268 Box 9328
DPO AE 77510",N,miles
662,Elizabeth Ruiz,804-41-8571,"0818 Ortiz Keys
Port William, NH 98653",Y,miles
663,Amy Maldonado,631-99-7434,"52000 Timothy Overpass
East Christinamouth, WY 21574",N,miles
664,Mr. Roger Goodman,418-99-6778,"4629 Robert Mountains Suite 865
Lisaberg, IA 77183",Y,hours
665,Jesse Burns,615-71-2184,"5366 Ashley Cape
Danielleburgh, VA 48726",Y,miles
666,Kelsey Buck,615-63-3763,"19842 Derrick Run Apt. 305
Port Christopher, KS 55722",Y,hours
667,Brianna Daniels DDS,299-03-9291,"56117 Stewart Park
Ballfurt, ID 16941",Y,hours
668,Angela Best,196-06-9731,"93050 Lang Well Suite 336
South Glennport, WY 72098",N,miles
669,Connie Petty,788-57-1368,"81971 Jacqueline Key Apt. 168
Tammyland, AL 54641",N,hours
670,Joseph Charles,144-60-1239,"103 Barton Pass
East Samanthatown, MD 07818",Y,miles
671,Nicole Welch,286-75-8608,"Unit 8076 Box 7024
DPO AP 61387",Y,miles
672,Cynthia Ward,626-99-2969,"57657 Thomas Walk Suite 229
Gonzalezborough, CA 70601",N,miles
673,Jared Freeman,409-62-4870,"095 Levine Run Suite 562
Lake Justinfurt, LA 74780",Y,hours
674,Linda Chapman,277-21-7901,"601 Jorge Lodge Apt. 273
Wattston, WA 88249",Y,hours
675,Amanda Cunningham,650-01-6454,"PSC 0656, Box 8671
APO AP 73595",Y,hours
676,Leslie Farmer,238-17-6963,"2688 Gay Court Suite 066
Jonathanshire, GU 46729",Y,hours
677,Victoria Riley,260-03-6920,"21820 Pugh Roads
Smithborough, SC 04451",N,hours
678,Carol Campbell,397-89-6944,"09758 Robert Ports Suite 413
Mcdanielchester, KS 82845",N,hours
679,Timothy Cooper,147-31-1262,"35542 Taylor Hill
South Jeffrey, MN 52145",N,hours
680,Kimberly Brown,781-29-7546,"63436 Rios Station Apt. 107
New Scottborough, DE 51272",N,miles
681,Donald Williams,158-76-5580,"300 Amy Union Apt. 327
Fryeport, WV 96039",Y,miles
682,Alexander Simmons II,575-29-8928,"14891 Smith Crossroad
Wardshire, LA 70106",Y,hours
683,Patrick Stephenson,489-32-3391,"7089 Rose Drive
South Melissa, FL 46714",N,hours
684,Joseph Gomez,804-27-7812,"0058 Tanya Streets
North Nicole, IA 61505",Y,miles
685,Debra Hoffman,103-81-1354,"7782 Brianna Orchard Apt. 448
North Holly, NY 54978",Y,hours
686,James Green,329-47-8847,"3697 Ferguson Turnpike
East Benjaminburgh, VI 78102",N,miles
687,Haley Stanley,030-27-8854,"6818 Jacobs Cliffs Suite 130
South Jennifer, SC 70846",N,hours
688,Daniel Long,358-35-1349,"05378 Kim Lodge Apt. 432
South Cathyhaven, OR 80627",Y,miles
689,Robert Thomas,312-29-9012,"84976 Dennis Turnpike
Williamsmouth, VA 05100",Y,miles
690,Lauren Mcpherson,293-81-0669,"Unit 6131 Box 8466
DPO AP 55531",Y,hours
691,Madison Smith,071-85-4865,"70105 Barry Ways Apt. 885
Stewartchester, NV 99689",Y,hours
692,Jennifer Davis,005-09-0981,"841 Mcguire Prairie Apt. 916
Emilybury, VA 76624",Y,miles
693,Kimberly Hickman,203-80-2021,"39484 Herman Plains
Joshuaburgh, NV 80844",N,miles
694,Tony Harris,020-65-5183,"48442 Acevedo Stream Apt. 938
Lake Ralphberg, MO 31366",Y,hours
695,Julie Clark,585-29-1548,"USS Trujillo
FPO AP 91408",Y,hours
696,Kathleen Browning,500-83-4721,"2667 Walker Ranch Apt. 547
South Amandaland, MD 91534",N,miles
697,Kristin Strickland,670-81-6916,"7668 John Camp
Allenport, TN 15456",Y,miles
698,Kathleen Ramirez,279-05-1742,"279 Reyes Coves Suite 787
North Mariashire, CT 25462",Y,miles
699,Casey Griffith,446-28-9433,"USNV Goodwin
FPO AA 44008",N,hours
700,Ronnie Davenport,772-01-9759,"461 Erin Port
South Cynthiahaven, OK 02973",N,hours
701,Taylor Diaz,435-82-2005,"PSC 6707, Box 6875
APO AP 03752",Y,hours
702,Michele Kerr,226-96-7757,"791 Ramirez Overpass Apt. 258
Thomasstad, WY 36226",N,hours
703,Richard Payne,424-88-9222,"987 Frank Cliffs Apt. 121
New Mark, VT 93953",N,hours
704,Teresa Williams,683-19-1328,"593 Donald Rest
Tiffanyhaven, IN 66649",Y,hours
705,Samuel Powell,852-30-7061,"381 Snyder Lights Suite 554
Port Bryan, IL 96630",N,hours
706,Ryan Jackson,895-48-6508,"0418 Brown Oval
Lake Ronaldland, MA 16627",N,miles
707,Crystal Martin,693-17-8922,"975 Jason Prairie Apt. 208
North Amberport, SD 71149",N,miles
708,Susan Sullivan,363-73-7260,"USCGC Miller
FPO AP 08395",N,hours
709,Daniel Reid,237-75-2656,"755 Steven Turnpike Suite 956
West Mary, RI 04305",Y,miles
710,Patricia Short,379-10-2492,"321 Armstrong Junction Apt. 447
South Georgeton, FL 92278",N,hours
711,Holly Williams,075-29-2862,"23487 Hodge Canyon
Smithborough, NV 49681",Y,hours
712,Diamond Johnson,437-82-7465,"38672 Eric Landing
Donaldside, KY 33892",Y,miles
713,Tyler Kelly,154-97-9906,"5026 Herring Point Suite 061
New Kayleeshire, MS 33412",Y,hours
714,Isaiah Macdonald,866-86-4565,"231 Amanda Wells
Port Joseph, UT 05452",Y,hours
715,Jacob Ellis,549-49-4112,"475 Greene Common Apt. 238
East Ninaview, IN 30645",N,miles
716,Dennis Flores Jr.,007-60-4094,"09166 John Walk
Gaychester, KY 89192",Y,hours
717,Gwendolyn Roberts,242-35-6619,"595 Morrow Prairie
Lake John, ME 54858",N,miles
718,Joseph Johnson,273-86-7228,"1331 David Key Apt. 857
Nicholasside, MS 50910",N,hours
719,Michael Rodriguez,840-77-1696,"384 Stacy Center
New Brian, KS 82435",N,hours
720,Larry Robles,502-13-4546,"46988 Antonio Locks
Youngmouth, LA 43044",Y,hours
721,Lori Moore,641-44-7064,"49186 Brock Passage Apt. 051
Williamsfort, NM 23609",Y,miles
722,Brittany Martinez,540-84-2565,"933 Patricia Fields
South Robertfurt, DE 39617",N,hours
723,Samantha Gomez,569-18-0700,"14545 Smith Extensions Suite 534
East Nicholasport, NM 69382",N,hours
724,Julie Smith,716-49-4390,"7389 Michael Light
Port Morganport, ND 45221",Y,hours
725,Brittany Steele,717-37-2961,"696 Erik Land Apt. 786
North Michael, GU 23417",Y,miles
726,Julia Gregory,329-26-8107,"77353 Rodriguez Mountains
Lake Lisaburgh, MT 27526",N,hours
727,William Yang,104-49-6970,"995 Jill Mountains Apt. 807
Dawntown, IN 51616",Y,miles
728,Patricia Bryant,271-51-3081,"119 Nancy Manor
East Charles, NH 99183",N,miles
729,Adam Crosby,401-74-2271,"1243 Ricardo Way
South Andreamouth, UT 97928",Y,miles
730,Cynthia Perez,595-51-0717,"4518 Karen Points Apt. 571
Port Joshua, PW 53294",Y,hours
731,Andrea Williams,828-97-5859,"85063 Tammy Roads Suite 983
East Lisa, OR 24904",Y,hours
732,Laura Clark,836-17-0192,"9905 Hawkins Ramp
New Cody, AS 79972",N,miles
733,Tyler Rivers,469-33-6634,"58788 Martin Cove Suite 015
North Laura, MT 92268",N,miles
734,Michelle Rose MD,714-60-1877,"7105 Stuart Prairie Apt. 012
Nicolefurt, CT 89833",N,hours
735,John Bradley,227-12-7631,"459 Lynn Mission Suite 103
Port Shelly, MP 52164",Y,miles
736,Shane Martinez,256-41-6301,"085 Brittney Junction Suite 061
West Michellechester, MT 75482",Y,hours
737,Veronica Walker,510-68-4472,"USCGC Ryan
FPO AP 93757",N,hours
738,Jared Wilkinson,384-71-2478,"05585 Ruiz Valley Suite 438
Clarktown, MD 76953",Y,miles
739,James Watson,386-67-3052,"32061 Ross Rest Apt. 722
East Jason, ME 24730",Y,hours
740,Maria Harris,719-43-9162,"3544 Daniel Crossroad Suite 625
West Jacobborough, PA 03842",Y,hours
741,Beth Richards,481-88-3519,"4863 Mcgee Isle Apt. 891
Jessicaport, NY 23796",Y,miles
742,Lauren Johnson,648-08-7942,"66748 Pamela Walks Apt. 792
Madisonport, CA 02385",N,miles
743,Phillip Graham,024-43-1869,"34592 James Centers
East Sherihaven, VA 67767",N,hours
744,Thomas Smith,259-20-6495,"17180 Duncan Island
Adrianaborough, OR 83498",Y,hours
745,Mark Nguyen,653-55-4685,"439 Thomas Run Suite 471
Philipton, NM 24374",N,hours
746,Abigail Shah,121-47-8675,"Unit 4082 Box 1780
DPO AE 32119",N,miles
747,Karen Mccoy,118-38-9757,"2808 Brian Views
Samanthashire, WY 17480",N,hours
748,Shawn Ingram,044-84-8874,"312 Stanley Squares Suite 102
Warrenborough, MH 68610",N,miles
749,Mary Martinez,837-46-2302,"802 Randy Brooks
Colemanton, NM 62752",Y,miles
750,Jeremy Rowe,622-07-0497,"06096 Anderson Parkways
North Patty, GU 06810",N,miles
751,Matthew Sanders,309-60-6228,"870 Keith Burg
New Angela, MS 36751",Y,miles
752,Eric Reed,266-91-4217,"2197 Annette Shore
West Nathanhaven, CO 09532",N,hours
753,Jose Burns,119-50-7804,"USCGC Wolfe
FPO AP 84012",Y,miles
754,Barbara Kim,462-17-6636,"4860 Carter Summit Apt. 603
Stephanieborough, NE 18894",N,hours
755,Victor Fields,772-42-5165,"3246 Frank Ridges
New Juliaside, WA 49271",N,hours
756,Lauren Rangel,686-62-1017,"78095 Jimenez Mall Suite 021
West Carolyn, ME 68850",Y,miles
757,Michael Moore,141-46-9938,"4359 Penny Passage Apt. 354
New Courtneybury, MD 39361",N,miles
758,Ryan Sullivan,652-76-5553,"36499 Mccall Summit
Butlermouth, OR 36809",Y,hours
759,Juan Hernandez Jr.,103-40-3443,"2411 Laura Burgs Apt. 274
South Carmenport, WV 14077",N,miles
760,Bruce Huffman,454-79-2045,"66012 Kyle Hills Apt. 895
Houstontown, WA 23132",N,hours
761,Holly Goodwin,748-20-4916,"PSC 9495, Box 6338
APO AP 61414",N,hours
762,Suzanne Mcbride,064-68-9673,"PSC 1368, Box 6119
APO AP 57497",N,miles
763,Andrew Moss,537-30-0080,"550 Richard Common Apt. 609
West Cynthia, GA 19999",N,miles
764,Wendy Gray,072-01-2870,"83936 Jennifer Wells Suite 452
West Williamberg, FM 53415",Y,miles
765,Andrew Sanchez,866-43-4783,"619 Noble Springs
New Gary, ND 75928",Y,miles
766,Edgar Thornton,677-59-6625,"7816 Mitchell Curve
Lake Nancyland, LA 26944",N,hours
767,Jennifer Lawrence,129-94-9679,"100 Tara Shoals Suite 710
South Jasonborough, NE 53380",N,miles
768,Cathy Benson,826-52-8295,"082 Adams Wells
North Deborah, AK 46541",N,hours
769,Aaron Foster,225-77-9245,"32283 Schroeder Mission Suite 948
Rebeccaberg, KY 59527",Y,miles
770,Laura Wagner,513-05-7155,"06799 Baker Spur Apt. 444
North Brian, IN 66685",N,miles
771,Peter Davis,776-09-1926,"PSC 8438, Box 6090
APO AP 77208",N,hours
772,Douglas Smith,852-38-9561,"304 Katherine Drives Apt. 823
Jonathonview, SD 52125",N,hours
773,Gregory Graves,313-03-9570,"126 James Springs
Port John, FM 56907",Y,hours
774,Anna Baker,561-47-4190,"61203 Jeremiah Garden Apt. 955
South Laura, VI 59993",Y,miles
775,Angela Atkinson,397-17-3032,"59264 Michael Ways
Tonihaven, MI 47183",Y,miles
776,Emily Hendricks,448-61-6852,"61122 Zachary Lane
East Edward, IA 24732",N,hours
777,Kristina Vazquez,724-81-7219,"59750 Joseph Port
Kendramouth, AL 84886",Y,hours
778,Nicholas Lynn,145-39-1532,"4683 Chen Lights Suite 395
Gonzalezfurt, VI 43550",N,hours
779,Erika Barber,807-89-2247,"81910 Amanda Drives
Brownton, MO 71542",Y,hours
780,Andrew Henderson,750-58-0332,"0555 Nicole Glen
Nielsenton, MO 91429",Y,hours
781,James Holland,607-35-3943,"420 Steven Mountain Apt. 650
East Laurenville, NE 01008",Y,miles
782,Gary Anderson,499-40-0618,"586 Edwards Rapids Suite 507
Brianside, AL 94556",N,hours
783,Dwayne Johnson,075-09-6911,"58969 Garrett Orchard Apt. 447
Parkerborough, NV 81161",Y,hours
784,Steve Thompson,073-93-1254,"96327 Hannah Stream Suite 703
Maldonadoshire, DC 71481",N,miles
785,Edward Moon,612-16-9561,"30537 Luna Stravenue
East Benjaminstad, AZ 45735",N,hours
786,Nicole Clarke,529-93-9648,"42821 Wilcox Manor
Port Lisa, RI 26558",Y,miles
787,Anthony Armstrong,442-16-6821,"10382 Ramos Parkways Suite 505
Port Brookeberg, DE 38176",Y,hours
788,Kelly Macdonald,038-79-6837,"44331 Gomez Vista
Lake Christopher, WY 01308",Y,hours
789,Brad Anderson,182-89-0644,"842 Heather Hill Suite 275
North Kimberly, PW 96010",N,miles
790,Timothy Richards,233-93-0552,"7859 Christopher Lights Apt. 452
Lake Phillip, MT 29219",Y,miles
791,Phillip Griffin,807-85-7408,"21243 Phillips Creek
Lake Ian, SD 39662",Y,hours
792,Tiffany Mitchell,427-23-0776,"980 Sean Dam
Donaldstad, VT 89773",Y,hours
793,Isaiah Kelly,177-78-9766,"66673 Kelly Heights Suite 089
Dawnstad, MD 86313",N,miles
794,Christopher Webb,398-51-8891,"6622 Johnston Light Apt. 119
New Megantown, AK 71139",N,hours
795,Crystal Mathis,747-16-4639,"4509 Joann Pass Apt. 850
West Richard, SD 13034",N,hours
796,April Huffman,140-37-4758,"51472 James Circle
Edwardshire, VT 90659",N,miles
797,Eric Stokes,091-40-7164,"795 Reyes Trafficway Suite 462
Mcneilborough, AR 18713",N,miles
798,James Jones,259-28-5926,"Unit 5446 Box 2206
DPO AA 64905",N,miles
799,James Mcclure,759-03-4097,"215 Reed Trail Apt. 632
Lake Stephanie, ME 07650",N,miles
800,Vanessa Reed,220-85-0046,"375 Kyle Canyon
New Tamaratown, PR 98806",Y,miles
801,Andrew Walsh,753-03-3275,"2913 Walker Turnpike Suite 764
Perrystad, SD 48980",Y,miles
802,Maria Knapp,341-28-8155,"57155 Young Court Suite 261
Mcdanielchester, MS 43687",Y,hours
803,Nathan Archer,135-91-4935,"6643 Gibbs Garden Suite 497
South Dawn, MH 98381",Y,hours
804,Jasmine Riggs,452-07-0666,"860 Cook Square Suite 081
South Laura, NE 95201",Y,miles
805,Travis Turner,093-23-1263,"033 Shepard Path Apt. 593
Carrland, FL 04575",N,miles
806,Amy Perez,791-09-2153,"2793 Evelyn Square Apt. 666
Lake Melissa, MA 70294",Y,hours
807,Joseph Miller,156-86-8065,"40254 Tammy Springs Suite 730
Pooleton, NE 91050",Y,hours
808,Jerry Daniels,699-64-9497,"4368 Stephens Garden
North Marymouth, WY 44141",N,hours
809,Rebecca Wong,222-30-5744,"USNS Leon
FPO AE 48899",Y,hours
810,Timothy Hawkins II,306-12-0991,"443 Dunn Ports
Lake Johnstad, PA 85393",N,miles
811,Michael Patel,616-19-4553,"3577 Allen Fords Suite 093
North Briannaville, RI 66525",N,miles
812,Nicole Jarvis,794-57-7740,"362 Gloria Hills
Johnsonborough, RI 52806",Y,hours
813,Tracy Walker,135-05-8019,"503 White View
New Dana, KS 41193",Y,miles
814,Jennifer Taylor,646-65-7346,"7465 Melissa Extensions Suite 244
Tanyaport, PA 82548",Y,miles
815,Christian Nichols,009-93-9790,"312 Nguyen River Apt. 525
Port Melissaburgh, DE 18196",Y,hours
816,Victor James,074-80-4875,"543 Joanna Road
West Michael, NC 35644",N,hours
817,Heather Chen,371-95-6804,"2562 Michelle Hollow Suite 707
New Jeremyhaven, OK 15283",N,hours
818,Olivia Collins,377-80-4971,"0854 Daniel Port Suite 690
Port Donald, WY 12146",N,miles
819,Thomas Stephens,786-24-9116,"7633 Brittany Valleys Apt. 924
Sierraland, ND 53736",N,hours
820,Crystal Lopez,243-18-9799,"19918 Miller Shore Suite 541
Port Alicia, HI 98937",N,miles
821,Melinda Young,034-67-7596,"7299 Denise Meadows
Port Samuel, MP 18820",N,hours
822,Ashley Hernandez,727-94-3095,"61323 Gonzalez Dam Suite 640
South Michelleton, FM 08083",Y,hours
823,Gary Lopez,534-19-5696,"257 Simmons Lodge
Patrickfort, NE 74446",Y,miles
824,Steven Price,423-81-5708,"014 Lewis Trace Suite 433
New Zacharyshire, NV 59136",Y,hours
825,Mr. Joshua Jones,758-30-1932,"6523 Taylor Viaduct Apt. 667
Pattersonland, DC 62450",Y,miles
826,Austin Cook,504-38-3745,"47956 Dana Cliff Apt. 088
Leslieshire, VI 63351",Y,miles
827,Robert Alvarado,807-55-1651,"596 Scott Parkway
South Bradley, AK 74997",N,hours
828,Nicole Gonzales,354-03-1542,"PSC 8092, Box 3048
APO AE 33104",Y,miles
829,Susan Harper,368-34-3041,"7902 Richard Ferry
South Kevintown, KS 11892",N,hours
830,Thomas Torres,100-19-2604,"Unit 0876 Box 8827
DPO AE 16326",Y,hours
831,Jason Austin,511-65-0160,"69180 Barnett Garden
Lake Timothyport, DC 08095",Y,hours
832,Mrs. Kelsey Robinson,623-51-6470,"33179 Tanya Garden
Lake Kelly, MS 70110",N,hours
833,Diana Noble,042-86-2512,"PSC 1054, Box 5827
APO AP 31226",N,hours
834,Lisa Sloan,298-23-7894,"21979 Jocelyn Plaza
South Deborahmouth, OH 74725",N,hours
835,Laura Waters,165-19-3086,"10554 Hensley Forks Apt. 042
East Sharon, WV 14873",N,miles
836,Mark Valencia,223-12-8262,"219 Amy Canyon
Alejandroside, GU 71974",N,hours
837,Carrie Gordon,414-26-7158,"86646 Allison Divide
West Jermainehaven, IN 36710",Y,miles
838,Thomas Fleming,063-22-7340,"10774 Garcia Prairie Suite 932
Jeremymouth, WY 51426",Y,hours
839,Annette Gill,844-96-6646,"290 Brian Plaza
North Courtneyville, WA 51458",Y,miles
840,Jennifer Baker,158-65-2818,"2393 Brooks Brook Suite 944
West Joseph, UT 95593",N,miles
841,Mrs. Brittney Castaneda,394-85-3473,"705 Rowland Shoals
Christopherbury, MA 11634",N,hours
842,Kathryn Atkins,230-73-5677,"060 Diana Circle
Dennisberg, FL 57898",Y,miles
843,Ian Sanchez,037-69-1157,"2814 Hernandez Points Apt. 652
Margaretmouth, MS 34202",Y,miles
844,Ms. Sheila Patterson,777-07-8284,"08115 Daniel Prairie Suite 997
Kimberlymouth, MA 45132",N,miles
845,James Davis,528-72-0069,"44277 Jonathan Pike Suite 729
Quinnville, WY 54399",Y,miles
846,Robin Sanders,288-44-1792,"USS Morris
FPO AP 25708",Y,miles
847,David Armstrong,850-05-0413,"PSC 5259, Box 5797
APO AE 81171",Y,hours
848,Ronald Branch,168-98-5360,"99138 Tiffany Alley
Davidtown, TX 09007",N,hours
849,Melissa Scott,801-04-0251,"8003 Jones Harbors Apt. 026
South Thomastown, KY 81596",N,miles
850,David Lopez,551-69-9158,"955 Tina Crest Suite 500
Hollandmouth, AZ 17275",N,miles
851,Kaylee Watts,138-30-4087,"17457 Kirsten Ford
Deniseview, TN 95686",N,miles
852,Angela Martinez,725-47-5638,"91055 Mcconnell Groves
Sharonberg, AS 39638",N,miles
853,Melissa Park,139-09-4508,"0786 Ford Circle Suite 649
West Davidfurt, OK 56172",N,miles
854,Shari Wilson MD,005-37-2078,"9664 Beard Mount
Mcbrideberg, IL 67155",N,miles
855,Matthew Adams,122-45-7087,"PSC 7145, Box 9640
APO AP 82454",N,miles
856,Scott Reyes,658-45-9121,"79702 Raymond Prairie
South Williamberg, NH 90105",N,hours
857,Edward Sloan,583-32-8112,"8837 Jerry Walk Suite 530
Piercebury, NE 90945",N,miles
858,Alex Maldonado,469-75-6577,"41533 Lee Lights
South Jennifer, WI 63152",N,hours
859,Brittney Moore,796-63-8413,"765 Miller Loaf
Ryanburgh, IL 62744",N,miles
860,Leslie Johnson,714-49-7626,"65956 Martinez Throughway Suite 074
Jasonview, CA 15713",N,hours
861,Melvin Taylor,204-72-3721,"4942 Jones Village
Katherineton, NC 76776",N,miles
862,Chad Martin,112-30-1800,"4100 Ricardo Court Suite 810
Stevenmouth, GA 51881",Y,hours
863,Lisa Hester,767-82-5420,"3150 Adam Ferry
Port Jamesside, MT 11947",N,hours
864,Stephen Lang,136-62-4162,"358 Kimberly Stravenue
New Kimberly, DC 26602",N,miles
865,Erika Roberts,881-95-6179,"USNS Barnes
FPO AP 19044",Y,hours
866,Ryan Rivera,016-86-2206,"6302 Reynolds Vista
Port Miguelland, NM 58500",N,miles
867,John Wood,508-62-0661,"22341 Douglas Coves Apt. 108
Fosterfurt, MT 75736",Y,hours
868,Dana Wood,020-67-6079,"2344 Adrian Route
New Amy, PW 70694",Y,miles
869,Danielle Richmond,255-86-0924,"9398 Wilson Hill Apt. 570
West Andreville, ID 21574",N,miles
870,Shannon Ramirez,162-96-7945,"5041 Catherine Knolls Suite 906
South Katherine, AK 79103",N,miles
871,Roger Davis,175-17-2670,"72278 Joel Estate
Port Jeffrey, GU 56147",Y,hours
872,Nancy Dickerson,439-47-4161,"USS Moore
FPO AA 39139",Y,hours
873,Judy Brown,160-38-6011,"1189 Smith Island Apt. 101
East Charles, CA 15730",N,hours
874,Megan Grant,657-05-7654,"PSC 7072, Box 1954
APO AA 00673",Y,miles
875,Danielle Johnson,681-95-2129,"PSC 1972, Box 5263
APO AA 37100",N,miles
876,Christopher Duffy,695-79-8839,"8624 Hodge Lights Suite 004
South Steven, ID 68203",Y,miles
877,Stacey Burton,780-66-9672,"775 Rick Bypass
Lake Erin, FM 12119",Y,hours
878,Nathaniel Murphy,322-28-4010,"Unit 6656 Box 7866
DPO AE 46171",Y,miles
879,Derek Davis,500-49-9075,"95601 Nicole Fields Apt. 376
Alvaradoton, MS 26408",Y,hours
880,Jamie Thomas,008-26-0702,"63139 Chad Fall
South Raymond, MO 96035",N,miles
881,Cindy Hall,761-52-0906,"660 Gary Station
Mariaberg, FM 24440",Y,hours
882,Angel Steele,841-22-4387,"3997 Parrish Wells
Lake Keithport, AZ 90216",N,hours
883,Tammy Murphy,161-81-5117,"095 Melinda Turnpike Suite 020
East Mindy, NE 64202",N,hours
884,Sarah Rogers,142-27-3222,"208 Kevin Spring Apt. 569
West Robert, AR 15922",Y,hours
885,Michael Reed,756-68-0407,"785 Thompson View
Cindyside, NY 55537",Y,hours
886,William Davies,686-36-5290,"PSC 4563, Box 6069
APO AE 84760",Y,miles
887,Carla Mason,724-49-3166,"52433 Duncan Highway Suite 242
South Amanda, IA 52394",Y,miles
888,Christopher Foley,186-49-3796,"6046 Stacy Walks Suite 595
South Paul, OK 48171",N,hours
889,Douglas Harvey,053-59-1905,"41580 Heather Burg Apt. 602
West Thomaston, ID 22343",Y,miles
890,Derrick Hill,138-41-3710,"332 Matthew Knolls Apt. 308
East Mike, NM 04850",N,miles
891,Megan Edwards,769-80-3757,"53613 Olson Prairie
Mooreburgh, PW 25691",Y,hours
892,Lisa Hill,412-17-2946,"8579 Hughes Shoals
Michaelbury, MT 67002",Y,hours
893,Jared Ramirez,557-77-9139,"USNS Johnston
FPO AP 13234",N,miles
894,Robert Smith,194-85-5722,"118 Mcdaniel Field Suite 869
South Sabrina, NH 25745",N,miles
895,Jack Oconnor,234-19-6426,"344 Joseph River
Lake Brandon, OR 59045",Y,hours
896,Wayne Lopez,334-90-7360,"8875 Smith Ford Apt. 038
Randyburgh, AK 06417",N,miles
897,Clarence Hill,476-99-0804,"PSC 0026, Box 7592
APO AP 75672",Y,miles
898,Alicia Kidd,406-38-2577,"1868 Karen Village Apt. 042
Andersonstad, MN 46751",Y,miles
899,Michael Kennedy,582-34-4672,"789 Michael Meadows Suite 902
Bondborough, AS 78947",N,miles
900,Vanessa Morris,091-39-0215,"9749 Bradley Pike
Emilyside, NM 12134",Y,hours
901,Joshua Taylor,737-93-7413,"61063 Douglas Meadow
Kristinashire, KY 97054",Y,miles
902,Courtney Smith,539-75-1732,"950 Nelson Views
Lake David, KS 26151",Y,hours
903,Larry Lawson,358-32-3445,"29946 Robinson Pike
Fryehaven, AL 23052",N,miles
904,Loretta Hayes,193-51-6387,"2976 Audrey Trail Apt. 029
West Lisaland, AR 74757",N,hours
905,Christopher Copeland,371-49-6893,"487 Cohen Forge
Derrickmouth, DC 50593",N,miles
906,Barbara Fowler,775-16-2343,"5126 Dustin Mills
Tylerfurt, KY 06717",Y,miles
907,Amanda Skinner,853-33-9599,"56515 Torres Squares Apt. 430
Robertport, VA 03072",Y,miles
908,Christopher Mathis,765-95-1966,"32773 Joseph Hills
West Nathaniel, AR 56592",Y,miles
909,Jennifer Reese,093-68-0886,"6284 Sullivan Loaf Apt. 642
Lake Davidmouth, LA 35656",Y,miles
910,Julie Taylor,825-67-5616,"0104 Guerra Prairie Suite 577
Taylorton, VI 60436",Y,hours
911,Juan Lowe,134-39-0454,"767 Kent Coves Apt. 853
East Jennifer, AK 60636",Y,hours
912,Christina Jones,367-67-7526,"01271 Amanda Gateway
West Taramouth, NH 68029",N,miles
913,Thomas Baker,562-68-3212,"75646 Crawford Prairie
South Ronaldton, AK 85037",Y,hours
914,Ronald Lane,340-22-4127,"06945 Kerry Ridge Suite 718
Reidton, OK 00696",N,hours
915,Lance Butler,167-53-4160,"6695 Jones Via Suite 925
Jonesberg, MN 22332",N,miles
916,Ryan Flowers,219-21-2009,"5982 Walls Stream Suite 174
Tammieborough, NJ 19271",Y,miles
917,Theresa Boyle,423-35-4647,"95894 Terry Groves Suite 252
West Vanessa, WI 27819",N,hours
918,Craig Castillo,342-81-9867,"3583 Thomas Skyway
Bakerfurt, NY 13415",Y,hours
919,Shannon Davis,703-68-5697,"11941 Derek Tunnel Apt. 668
Medinaview, PR 25384",Y,miles
920,Kevin Jackson Jr.,618-96-6524,"91070 Doris Stravenue
Danielleberg, MS 16091",Y,hours
921,Jessica Maxwell,476-19-8922,"01656 Theresa River
West Hollystad, IN 95344",Y,hours
922,Angela Bartlett,886-23-0879,"964 Ward Rapid Suite 089
Davidhaven, KY 26472",Y,hours
923,Michael Alvarez,674-97-8288,"0473 Peter Radial
Kurtstad, OH 46516",Y,miles
924,Lauren Mueller,537-74-6482,"8418 Gonzalez Knoll
West Kaitlyn, MP 35561",Y,miles
925,Ryan Estrada,475-97-5963,"8880 Fischer Harbors Suite 974
South Amandaburgh, PR 57181",Y,hours
926,Daniel Green,636-24-7394,"10187 Harper Lodge
Emilyton, NY 81213",N,hours
927,Mrs. Donna Miller,673-95-3562,"2747 Vincent Stream
West James, ND 29927",N,hours
928,Nancy Rollins,680-21-5930,"7746 Tim Pine
New Sierra, NC 04816",Y,hours
929,Vincent Torres,059-83-3033,"Unit 8328 Box 6228
DPO AE 91361",Y,hours
930,Samuel Carter,094-20-1625,"4481 Hector Rapids
New Theresa, IA 35861",N,miles
931,Joshua Mora,118-07-4036,"3048 Jackson Prairie
Perryfort, OK 63839",N,miles
932,William Davidson,351-38-9852,"706 Brooks Lodge
Port Andrewtown, IN 84589",Y,hours
933,Dr. Sarah Hunter,742-40-8829,"8639 Christy Park Suite 827
Lambertchester, VI 63415",Y,hours
934,Terry Myers,534-07-2597,"533 Christine Place
Aprilfurt, WY 79468",Y,miles
935,Kevin Johnson,014-59-3168,"537 Timothy Estates Apt. 852
Robinton, WY 14046",Y,hours
936,Ronald Barrera,889-40-0281,"3429 Kari Port Apt. 453
Ronaldport, WI 54555",Y,miles
937,Christopher Garcia,435-62-2858,"PSC 6405, Box 6502
APO AA 09576",Y,hours
938,Alexis Roberts DVM,376-21-3225,"0749 Nicholas Junction
Lake Richard, AR 88400",Y,miles
939,Michael Patterson,747-53-2340,"02211 Sanders River
New Bradleyville, CA 28618",N,hours
940,Robin Beard,276-61-9712,"48561 Brandon Underpass Suite 797
Port Ryanfort, LA 10796",N,miles
941,Jonathon Mccann,712-71-7291,"122 John Forges
North Courtney, KS 49065",N,miles
942,Joseph Swanson,754-94-7711,"70517 Sparks Village
Davisside, PW 14352",Y,hours
943,Brian Davis,275-19-8535,"68289 Davis Causeway Apt. 844
West Anthonymouth, SC 74000",Y,hours
944,Rebecca Caldwell,193-57-4992,"30353 Baker Springs
New Jamesfort, NV 36102",Y,miles
945,Tommy Bowen Jr.,781-56-4851,"0633 Jessica Trail
Port Samuel, ND 48368",Y,miles
946,Erica Morgan,760-22-3328,"81714 April Shoals
North Joshuastad, SC 49645",N,hours
947,Christine Reyes,067-67-1035,"Unit 1168 Box 6250
DPO AP 05717",Y,miles
948,Robert Martinez,758-74-1305,"12806 Willie Run
Daleberg, TX 05258",N,miles
949,Debra Gordon,747-18-0683,"USS Burch
FPO AA 30740",N,hours
950,Andrew Joseph,192-98-8161,"4363 Williamson Well
Mendezside, SC 17624",Y,miles
951,Dawn Barnes,418-03-9157,"9802 Rosario Mews Apt. 208
Port Dominicmouth, PA 53242",Y,hours
952,Paul Morris,341-08-7413,"6985 Jessica Divide Apt. 575
Charlesville, MP 20604",Y,miles
953,Autumn Peterson,059-78-9568,"791 Pace Meadow Apt. 092
North Cynthiamouth, NJ 96493",Y,hours
954,Jason Coleman,232-76-7208,"6165 Watson Port Apt. 401
Denisemouth, MT 13488",N,miles
955,Hannah Morris DDS,435-32-7735,"8767 Hicks Rue Suite 036
Port Kimberly, MS 65176",N,miles
956,Antonio Dalton,537-85-7252,"71219 Timothy Ranch
Ronaldchester, AR 57489",N,hours
957,Samuel Matthews,153-76-9715,"40057 Mccormick Viaduct
Barnetttown, GU 64979",N,miles
958,Michael Cardenas,737-50-0642,"2752 Meredith Green
Christopherland, OH 42604",Y,miles
959,Mark Lee,841-34-5452,"61902 Daniel Oval Apt. 976
Ricefort, OR 81769",Y,hours
960,Seth Conway,802-27-3645,"7906 Collin Unions Apt. 054
North Katrinatown, ND 27237",Y,miles
961,Paul Cruz,039-31-5303,"084 Collins Walk
Lake Sherribury, IN 06799",Y,hours
962,Christopher Ferguson,034-61-0272,"9161 Donald Loop
East Stephenshire, LA 25866",Y,hours
963,Christopher Reeves,727-67-4828,"9503 Murray Stream
South Chad, DC 56209",N,miles
964,Noah King,387-08-1209,"PSC 9212, Box 5524
APO AA 55514",N,hours
965,Donna Snyder,546-74-0458,"93856 Paul Viaduct Apt. 897
Birdmouth, AL 77422",N,miles
966,Nicholas Daniel,656-26-2259,"063 Amanda Square
Brendamouth, GU 00868",Y,hours
967,Veronica King,828-49-5401,"60190 Mark Row
West Dariusborough, MA 88552",Y,miles
968,Clinton Peters,163-80-9609,"1582 Bullock Knoll
Sosahaven, MN 21430",Y,hours
969,Eddie Howard,533-14-7980,"018 Sanchez Camp
Wilsonmouth, CA 69649",N,hours
970,Jerry Jackson,401-65-0218,"USS Hall
FPO AA 52846",Y,hours
971,Scott Curtis,542-91-6820,"81446 Tommy Station Apt. 927
Jocelyntown, GU 33042",Y,hours
972,Michelle Brown,886-57-5500,"36496 Tiffany Stravenue Apt. 839
Lake Jasonview, VI 01742",Y,hours
973,Adam Wells,732-41-9736,"097 Young Shoal
Ashleyport, FL 66048",N,miles
974,Bradley Howard,458-05-6105,"22344 Christopher Ranch Apt. 502
Alyssaview, TX 90864",Y,hours
975,David Green,017-65-2299,"9506 Sandoval Crest Suite 917
Port Jessicafurt, WI 07904",Y,miles
976,Melissa Hebert,810-73-0248,"671 April Ports
West Anthonyburgh, AK 87888",N,hours
977,Rhonda Ball,573-08-5562,"60221 Greene Prairie Apt. 590
South Andrew, GA 36173",N,miles
978,Jamie Brown,171-31-6581,"6362 Castillo Glens
South Lindsay, MI 75004",N,hours
979,Tina Daniels,746-53-5197,"39488 Ronald Bridge Suite 575
Jonesborough, OH 80593",Y,miles
980,Sarah Rogers,844-18-1239,"31009 Mason Viaduct Apt. 298
South Jennifer, OR 29829",Y,hours
981,Crystal Lewis,315-89-7364,"6026 Collins Wells Apt. 021
Stephanietown, UT 97477",N,hours
982,Christina Hanson,257-45-1698,"44504 Gray Meadows
Port Melissa, PW 49738",N,hours
983,Ricardo Richards,546-73-9512,"20842 Sweeney Place
Alexandriahaven, ND 10755",N,miles
984,Matthew Smith,719-76-3755,"61582 Katherine Underpass
Lake Kevinchester, CO 54910",Y,miles
985,Catherine Dunlap,474-92-3639,"7082 Best Plain Apt. 757
New Heatherborough, OR 35599",Y,miles
986,Seth Martinez,791-87-0700,"442 Benjamin Lakes Apt. 824
New Larry, DE 92723",Y,hours
987,Willie Gray,307-19-3928,"Unit 6499 Box 1107
DPO AA 67349",N,miles
988,Anita Henry,297-84-5777,"0475 Charles Crescent
Cooperborough, MP 95212",Y,hours
989,Mrs. Amy Graham,203-61-1027,"4765 Gary Cape Suite 840
Turnerville, MT 24869",Y,miles
990,William Hatfield,620-75-7881,"504 Jackson Square
Port Michaeltown, IL 02343",N,hours
991,Annette Clark,470-05-0313,"9337 Darren Walk
Arthurburgh, NM 57403",N,hours
992,Virginia Martin,074-03-3182,"1944 Nathan Ways
East Lauren, TX 59092",N,hours
993,Derek Harrison,439-35-5529,"500 May Key Suite 063
Thomasland, NC 83305",Y,hours
994,Erica Diaz,451-96-0348,"Unit 8817 Box 6882
DPO AA 67649",Y,miles
995,Larry Clay,166-36-3536,"1739 Gregory Pines Suite 752
South Christianburgh, MA 12464",Y,miles
996,Christina Lewis,533-11-6805,"94567 White Expressway
South Brianberg, KY 24997",N,miles
997,Craig Rios,199-84-2865,"USNV Johnson
FPO AP 59382",N,hours
998,Patrick Wise,173-21-4510,"97656 Garrison Extensions Suite 323
Lake Kristaville, UT 10833",N,hours
999,Michael Stanton,256-83-3043,"408 Thompson Court Suite 263
East Richard, SC 50169",N,miles
1000,Gary Barber,186-23-9144,"62271 John Cove Suite 194
Justinfurt, NH 91910",N,hours
1001,Bridget Alexander,267-83-4683,"1944 Bradley Field Apt. 204
Donview, LA 13620",Y,miles
1002,Jessica Wilson,760-82-4436,"7555 Maria Mountain
Jonathanhaven, PW 02204",Y,miles
1003,Kristy Gilbert,194-29-8554,"200 Marks Road Suite 343
South Jamie, SC 93220",N,miles
1004,Daniel Brown,300-27-9661,"756 Sanchez Spur
Lake Amy, OH 48387",N,hours
1005,Sarah Mayer,023-57-7390,"93761 Marissa Course Suite 099
Port Steven, WY 51425",Y,miles
1006,Joshua Lopez,137-99-6308,"9428 Zuniga Stream Apt. 193
Ashleystad, FM 78744",Y,miles
1007,Emily Miller,846-59-2678,"13574 Bradshaw Hollow
South Ruthmouth, IN 86624",Y,hours
1008,Cory Key,439-14-8004,"794 Hendricks Fort Apt. 404
Gaineshaven, UT 09343",Y,miles
1009,Nathan White,109-29-0683,"033 Arellano Well Suite 926
Schaeferfort, UT 06154",Y,hours
